av,title,time,region0,region,views,danmaku,replys,favorites,coins,shares,likes
40000,【MAD】Adamant Determination,2010-02-06 01:06:34,音乐,MAD·AMV,171186,5352,991,2506,290,44,259
140000,ひな汰，鳩子，おしり-な - LOL -lots of laugh-,2010-05-11 09:53:54,音乐,宅舞,2830,25,25,14,2,14,2
360000,【东方MMD】古明地姐妹的Sweetiex2,2010-08-01 14:25:59,生活,MMD·3D,2062,64,3,34,1,3,1
380000,【东方手书】PV月光花,2010-08-07 17:49:27,生活,短片·手书·配音,801,96,7,14,3,5,5
400000,【電波MAD】 LOVE/si ki yo 【電波女与青春男】,2010-08-13 08:09:54,音乐,MAD·AMV,11592,238,142,130,20,8,12
420000,【K/脑残玩坏向】到底有多少打开K的方式,2010-08-18 16:27:07,生活,MAD·AMV,4903,205,4,23,1,6,1
560000,柯南君热舞Sister's Noise,2010-09-27 18:17:07,生活,MAD·AMV,7197,118,6,107,15,38,12
660000,【满满的3分钟人生】延时摄影 冰岛Hit2！美到爆！,2010-10-25 10:59:35,动画,趣味科普人文,38663,606,52,1712,285,156,22
740000,I wanna revive the world[日本大会],2010-11-15 21:37:47,动画,单机游戏,883,244,5,7,6,12,1
760000,【JOJO MMD】欧拉父女的Tetro超心跳sizers二号,2010-11-21 00:35:54,生活,MMD·3D,2168,120,4,112,16,9,10
800000,芜湖小司马鳄鱼上单 狐狸中单第一视角,2010-11-30 17:49:00,动画,电子竞技,8282,143,104,28,11,5,10
820000,《想你》张国荣 1989告别乐坛演唱会经典现场,2010-12-06 00:25:22,音乐,音乐现场,50372,1688,146,2129,273,972,373
920000,【KOFXIII】MUN#16 - 淘汰赛精选对战合辑,2010-12-30 10:37:38,动画,网络游戏,679,3,1,1,0,4,0
1100000,【A君】【东方金属风】Prank Gone Wrong,2011-02-01 13:20:31,音乐,演奏,8935,55,56,65,30,15,21
1420000,【枢木緋色】言语之业【さりと】,2011-03-16 13:02:52,动画,翻唱,577,12,3,17,1,5,0
1460000,MC 玩坏风景作大死,2011-03-23 08:46:43,鬼畜,单机游戏,13970,1214,75,127,118,19,5
1560000,【无脑实况】《Minecraft》无脑的不杀生极限生存 P8 探矿洞！,2011-04-05 17:28:03,游戏,单机游戏,406,116,0,0,0,3,0
1580000,【FAIRIES】100分钟画出神北小毯 Little Busters！,2011-04-08 13:02:56,游戏,野生技术协会,602,10,2,6,0,2,1
1660000,【风暴英雄】过客解说-精灵龙光明之翼，能加能打能逃命的小母龙,2011-04-18 16:13:28,音乐,电子竞技,896,1,1,0,0,4,0
1680000,【音乐大师】本作系列第二弹！！！,2011-04-21 12:16:41,音乐,单机游戏,95,0,2,0,1,2,0
1720000,【回忆向】据说还能说出集数的人1000人里只有1个,2011-04-26 14:28:00,游戏,综合,1693,64,17,10,7,3,0
1840000,华晨宇与《一年级》陈思成李昊煜萌唱《童年》,2011-05-12 22:37:59,动画,综艺,6714,95,7,117,8,24,16
1960000,I wanna conquer the blow game 2 初见实况解说,2011-06-01 13:43:15,游戏,单机游戏,942,7,5,1,7,4,4
2060000,【Goose House】直到再会的那一天 (Cover),2011-06-13 01:47:13,音乐,翻唱,1570,23,4,39,5,6,0
2160000,【sai】安定小天使是在是太可爱了^q^（新人初投）,2011-06-26 21:52:19,舞蹈,野生技术协会,9200,50,62,75,28,2,102
2240000,【游戏王ADS】ComboMaster SP04,2011-07-06 04:54:03,动画,桌游棋牌,2394,52,35,43,5,4,0
2300000,当美队2遇上了Audiomachine,2011-07-13 17:52:53,游戏,影视剪辑,637,4,5,6,0,4,0
2340000,【hummerkey】黎明與螢光,2011-07-19 03:16:06,生活,翻唱,411,2,16,21,3,3,1
2400000,【王俊凯】【格斗宝贝萌萌打】【武林萌主闯江湖】,2011-07-25 23:47:33,音乐,明星,10619,190,84,227,34,38,3
2440000,【penbeat】中考ing花式再演【直传测试版】,2011-07-30 14:09:34,舞蹈,演奏,1015,15,4,2,1,6,1
2460000,[艾尔之光韩服]狂噬者vs新巨大BOSS袭击战,2011-08-01 23:09:57,生活,网络游戏,1885,90,3,7,0,11,0
2600000,【EVO2015】提前胜利我是哥,2011-08-15 12:10:33,生活,网络游戏,6076,34,21,64,11,44,7
2620000,M级管家-我是辅助我自豪之雷霆之怒【300英雄】,2011-08-17 11:29:45,音乐,电子竞技,236,1,7,0,1,2,0
2640000,EF&ZN 目前GP&性价比高的DX扭蛋机全面解析,--播放 · ,,网络游戏,1721,84,42,11,17,10,0
2800000,60杀！杀！杀！杀！杀！杀！米波 meepo,2011-09-04 00:33:09,舞蹈,电子竞技,1384,12,23,8,0,4,2
2840000,【正直实况】抱歉NICONICO！我们叛教了！【3P福利】【黑暗之魂】【12】,2011-09-09 12:46:43,游戏,单机游戏,251,7,3,2,4,2,0
2880000,大家好我是绯蓝~今天为你带来的是星之卡比参上!呐喊团4p~\(≧▽≦)/~,2011-09-13 20:29:57,生活,单机游戏,140,1,2,0,0,9,0
2900000,【龟梨和也】一定是贤治开启了咩咩与我的兼容模式,2011-09-16 14:38:08,游戏,日常,3846,92,32,77,46,13,1
3020000,【 拉麵女子 森本聡子#1】『好日』的拉麵！,2011-10-01 08:19:10,游戏,美食圈,1073,12,1,3,1,3,0
3080000,康熙来了 8版片头,2011-10-07 19:36:22,游戏,综艺,1463,20,1,18,2,14,0
3160000,[搬]女性向 韩语ASMR·打电话 男友角色扮演&手部动作——Donghwa ASMR,2011-10-16 16:17:44,音乐,其他,5214,413,26,356,21,41,2
3180000,Mika - 105network广播采访视频 - 2015,2011-10-18 18:39:57,生活,综艺,186,2,1,19,3,7,0
3220000,【星际争霸2·虚空之遗】第2集：黑暗教长搞革命，剪掉辫子做主人,2011-10-22 20:03:59,游戏,电子竞技,428,5,1,0,2,6,0
3260000,提呀么提裤子滑溜溜的裤子~,2011-10-26 23:08:35,鬼畜,明星,1780,19,6,86,9,31,2
3420000,刀剑乱舞（渣）实况解说,2011-11-12 10:05:02,游戏,网络游戏,452,4,4,5,1,5,0
3460000,【小星】Seventeen 2015 MAMA 特别舞台cut 1080P 将来会成大器的孩子们,2011-11-16 18:23:24,音乐,Korea相关,14826,227,26,642,16,63,35
3500000,【搬运】【Tati】我所有的遮瑕产品 - makeup graveyard（产品和总结在评论区,2011-11-20 07:49:35,番剧,美妆,6470,41,13,251,2,12,2
3520000,【预告向/AMV】第一章 亚人-冲动,2011-11-21 19:07:15,音乐,MAD·AMV,21905,105,68,288,118,131,4
3540000,【红色警戒3第一视角】机场没了？基地红血？还被扰矿？这还能玩吗？？,2011-11-23 18:58:59,生活,网络游戏,1696,87,17,5,25,21,3
3680000,【搞笑】蔡阿嘎  10大白目行為~絕對激怒人心 Top10,2011-12-09 14:34:36,动画,搞笑,678,1,2,4,1,11,0
3720000,FINA Best Male Swimmer 2015 - Mitch Larkin,2011-12-13 22:44:55,动画,运动,136,0,0,0,0,4,0
3780000,【LN电台】盘点！那些食物题材的动画！2,2011-12-21 20:29:29,生活,综合,2301,15,19,42,15,7,0
3880000,【狄姜】颜非【改】,2012-01-02 18:50:26,影视,影视剪辑,1637,7,3,41,16,6,17
3940000,张哲瀚版动漫英雄（幕后花絮+媒体报道）cut合集,2012-01-10 01:17:52,鬼畜,预告 资讯,1478,18,1,16,2,14,9
3960000,【听歌向】UP主的日常精分歌单,--播放 · ,,音乐综合,146,3,0,2,0,5,0
3980000,【白话灵犀】绝世好友,2012-01-13 19:58:13,舞蹈,综艺,5580,60,15,114,75,26,1
4060000,《因为爱情有幸福》纪录片第一集陈伟霆cut,2012-01-21 13:31:02,番剧,影视剪辑,5493,9,1,71,1,11,3
4140000,男生角度来聊聊化妆品（第一期）,2012-01-29 21:37:33,舞蹈,美妆,6784,313,55,145,57,25,0
4220000,Piszczałkowy maraton - Perfect -,2012-02-05 06:10:50,游戏,音MAD,109,0,1,2,0,8,0
4280000,【咖啡拉花】大触咖啡拉花 杉田智和,2012-02-10 20:56:09,音乐,美食圈,606,22,8,27,10,4,0
4320000,星之王子樣,2012-02-14 11:53:11,音乐,官方延伸,871,239,4,72,6,8,0
4480000,【旧搬】亮瞎眼版红颜乱,2012-03-01 21:09:45,游戏,影视剪辑,2078,52,14,47,7,13,4
4500000,【DOTA1】斧王第一（二）视角，猴子第二（一）视角,--播放 · ,,电子竞技,4084,79,112,25,20,31,7
4520000,奇怪的大冒险10,2012-03-05 12:21:57,游戏,单机游戏,52,0,1,0,0,11,0
4560000,May J Lee 慢歌剪辑,2012-03-09 22:19:37,音乐,舞蹈教程,6768,61,7,256,23,53,4
4720000,【不可抗力】王博文狗哥视频合集（更新至1008音乐榜上榜，共66p）,2012-03-24 20:03:08,生活,综艺,97857,9011,266,4702,923,589,15
4760000,【妆师】米歇尔藩Michelle Phan NoFilter Beauty Tutorial_高清&微博@妆师,2012-03-28 14:37:45,游戏,美妆,595,0,0,10,1,6,0
4820000,李韬爆笑生活54：吊丝美女巧斗富豪,2012-04-03 01:07:51,动画,搞笑,135,0,0,0,0,6,0
4860000,【葛杰伦计划NO.17】晴天，6月4日葛叔生日快乐（换片头啦~）,2012-04-06 10:09:55,生活,人力VOCALOID,2368,86,50,50,81,22,1
4880000,PHILIP QUAST - Fields of Fire - 1987 - Part 1,2012-04-07 22:44:28,游戏,日常,147,2,3,14,1,1,1
4920000,051207 KM  Show Me Your Love 拍摄花絮 东方神起 SJ,2012-04-11 15:51:21,音乐,Korea相关,16012,640,37,1247,27,65,100
4980000,【剑网3】丞相司徒大攻防轻功对决,2012-04-15 23:09:24,游戏,鬼畜调教,8759,202,18,76,39,61,4
5000000,南极熊最新版 三弟画饼机测评,2012-04-17 18:57:57,动画,机械,10590,329,590,80,67,29,49
5040000,老外看罪恶王冠EP7,2012-04-21 12:37:43,音乐,综合,250,3,2,1,1,4,0
5280000,《雪碧君》四人合作被怪物虐的游戏 EVOLVE STAGE2(进化2）~第二弹~,2012-05-10 17:54:51,游戏,电子竞技,410,2,0,1,1,3,0
5360000,致我们深爱的二次元,2012-05-16 13:42:51,游戏,MAD·AMV,369,3,7,13,20,13,0
5380000,Mateus Asato & Yas Nomura - nonsense shred [-],2012-05-18 10:59:20,音乐,演奏,1267,2,4,32,3,17,2
5460000,【无聊人的时间】咖啡长期节目,2012-05-24 23:25:03,动画,单机游戏,44,0,5,0,10,9,0
5500000,20160726 幼年园钓猫 三只猪仔排排坐,2012-05-27 20:30:45,游戏,动物圈,507,36,7,10,0,4,0
5520000,【转载搬运】Pockey Go 和捕捉到的皮卡丘一起跳舞(#￣▽￣#),2012-05-29 15:42:04,生活,单机游戏,0,0,0,0,0,2,0
5580000,FC游戏玩转手残UP主 之 筋肉人摔角,2012-06-03 15:10:19,动画,单机游戏,1278,11,5,7,6,14,0
5740000,我的世界[恐怖解密] - 帕切科的地狱 PACHECO'S HELL,2012-06-16 12:02:07,游戏,单机游戏,319,11,4,3,0,4,0
5860000,【魔法俏佳人】Flora Transformations up to Tynix!,2012-06-23 18:41:35,游戏,综合,6883,14,5,58,1,9,10
5960000,『欧灵GniluO』极限爆破坠机＆战场收割机乌兹,2012-06-30 18:13:09,纪录片,网络游戏,2442,42,11,12,41,14,16
6040000,开启ADC模式，射手's glory,2012-07-05 20:24:13,动画,网络游戏,95,1,0,0,0,12,0
6220000,1996 Worlds - Michelle Kwan SP,2012-07-17 12:33:41,生活,运动,640,5,2,13,2,12,2
6420000,【守望先锋】对抗人机的那些套路,2012-07-28 16:33:00,音乐,电子竞技,97,0,1,0,0,10,0
6440000,【ANGERME】为爱进化至今的人类 因爱彻底退化的人类(中文字幕),2012-07-29 18:51:45,动画,MV,627,66,5,22,8,5,0
6480000,【焦恩俊】萧别离/花寒衣 - 沧海映雪歌,2012-08-01 07:26:42,动画,影视剪辑,1740,45,17,91,43,15,6
6500000,【老友记】钱德勒是Gay等搞笑片段CUT混剪,2012-08-02 11:56:15,生活,影视剪辑,37112,228,26,388,65,80,89
6520000, FOX气叉土路测试视频8,2012-08-03 16:52:01,游戏,日常,93,0,0,1,0,9,0
6540000,北方女朋友VS南方女朋友,2012-08-04 21:10:04,生活,搞笑,94156,664,295,316,19,173,199
6600000,【无限循环向】PPAP梁非凡艹你屎啦啵嘴艹！进来就出不去了！,2012-08-08 16:37:28,游戏,鬼畜调教,16718,39,53,124,43,59,17
6660000,【TWICE】乐天lottedutyfree 广告预告 161013,2012-08-12 02:56:29,动画,Korea相关,1143,6,5,4,0,4,0
6680000,高田忧希・千本木彩花的SYAKARIKICHAN #2,2012-08-13 12:51:35,游戏,官方延伸,320,0,1,2,3,5,1
6760000,成都也有家只有六个位置的深夜食堂日料店哟,2012-08-17 20:08:04,生活,美食圈,8395,43,14,98,16,25,1
6780000,csgo个人狙击1V5,2012-08-18 19:09:19,动画,电子竞技,84,0,4,1,5,0,2
6800000,【最终幻想14】FF14 亚历山大机工城零式11层天动篇 A11S 诗人,2012-08-19 19:51:21,游戏,网络游戏,948,1,10,3,6,7,0
6820000,【董力阿拉蕾】《带娃记》第二期cut16宝贝购物归来董力备受感动,2012-08-20 20:34:52,游戏,综艺,6891,10,4,47,2,18,3
6840000,微软介绍 Windows 10 Creators Update 新特性（@诺记吧 转载）,2012-08-22 02:04:08,游戏,手机平板,1147,13,14,25,4,12,1
6920000,【最强撸点】79 EZ史上十大最强操作镜头,2012-08-28 02:31:45,游戏,电子竞技,63614,22230,188,661,334,93,5
7000000,【白色巨塔】关欣EP31,2012-09-01 20:46:20,音乐,影视剪辑,9092,55,234,53,15,17,8
7020000, 【nowisee】Humanoid #16⁄24 (YouTube版),2012-09-03 09:35:50,音乐,音乐综合,82,0,5,3,2,3,0
7040000,【三代目 J Soul Brothers from EXILE TRIBE】 NEW TRACK DROP by JSB,2012-09-05 11:03:40,游戏,明星,720,6,9,12,3,9,1
7080000,CSGO TWITCH直播趣事 57,2012-09-08 21:33:03,游戏,电子竞技,526,0,1,4,2,1,0
7120000,英雄聯盟韩服最強王者的對決第466期 - Cuzz， Zzus,2012-09-12 15:36:35,影视,电子竞技,6435,65617,20,24,22,3,0
7160000,【朽剪辑】【燃】死侍-不灭屠神,2012-09-16 10:36:03,游戏,影视剪辑,482,0,2,3,2,1,1
7260000,【伪】学校2017 预告 (金世正 x  车银优),2012-09-25 18:18:03,音乐,影视剪辑,35371,77,108,402,48,111,25
7280000,ASMR － Drama姐吃一盘超有嚼头的绵绵粘粘的日式麻薯 · 耳机福利,2012-09-27 20:02:30,音乐,其他,15687,65,35,391,15,9,8
7300000,【静心疗愈】天狼星人（海豚）X细谷佳正,2012-09-29 16:59:42,音乐,趣味科普人文,1525,10,53,85,6,12,6
7320000,【英语啪啪啪 】男人爱上了一只老虎无法自拔 因为...,2012-10-01 01:41:27,鬼畜,搞笑,257,4,4,1,0,2,0
7340000,【多玩TVG】如龙6香港发布会—制作人采访篇,2012-10-02 14:30:59,动画,单机游戏,6907,31,14,56,15,10,2
7520000,【电影相关】桃花侠大战菊花怪2花花世界大作战,2012-10-15 12:20:16,游戏,影视剪辑,1109,10,3,7,0,3,1
7580000,【张若昀×陈瑶】此生不换 - 风天逸 胡飞鸾,2012-10-20 18:01:19,生活,影视剪辑,43949,69,84,1446,282,90,149
7600000,12.18.2016 - 快打死内个小姑娘 五个小姐姐和小姑娘在阿努比斯不得不说的小故事,2012-10-21 19:00:35,动画,电子竞技,171,0,3,3,0,4,0
7660000,《黑暗之魂3》萌新经过不懈努力终于打败了坟头蹦迪的三角帽，感动！,2012-10-27 10:03:46,游戏,单机游戏,957,1,10,2,5,4,0
7760000,【B.A.P】战士的后裔2012&2016舞台混剪,2012-11-04 11:45:37,动画,Korea相关,1715,22,3,40,5,12,4
7780000,【过山车之星】新手沙盒初体验--要有良好的大局观,2012-11-05 21:35:36,番剧,单机游戏,26483,77,17,105,38,28,50
7880000,QAQ的刀剑神域 虚空幻界 亚丝娜,2012-11-14 17:11:38,动画,单机游戏,923,1,5,17,3,7,0
7920000,Nhato - Nowhere (Extended Mix),2012-11-17 19:51:52,动画,音乐综合,31,0,1,2,0,2,0
7940000,宣传视频,2012-11-18 21:26:07,生活,日常,12,0,2,0,0,3,0
8120000,古筝 【大鱼】印象曲,2012-12-01 18:48:02,动画,演奏,329,0,10,3,25,11,2
8140000,练习小花絮,2012-12-02 21:20:07,游戏,电子竞技,134,0,2,0,2,11,0
8220000,鸡蛋狂魔演示如何泡绿茶_标清,2012-12-08 19:01:57,动画,搞笑,18156,76,28,176,5,91,22
8240000,突然想吃点什么.6——牛奶鸡蛋布丁,2012-12-09 21:21:33,动画,美食圈,2786,16,39,134,10,12,1
8260000,【MNZ48】明珠48的祝福,2012-12-11 13:38:33,游戏,明星,251,0,0,3,0,4,0
8360000,【战枭CSGO教学】闸门式封烟 - 职业哥战术解析,2012-12-18 11:02:36,游戏,电子竞技,1712,2,13,53,12,22,0
8380000,【防弹少年团】reaction 170203更新,2012-12-19 19:47:47,音乐,Korea相关,5264,14,11,130,4,5,0
8420000,【李宇春】20061004上海动感101专访,2012-12-22 13:19:58,游戏,明星,880,127,3,109,12,16,24
8600000,明月庄主我的世界1.12快照17w06a介绍补充Minecraft,2013-01-02 00:02:14,生活,单机游戏,4208,62,35,23,34,10,2
8680000,iOS进阶教程_网络day04,2013-01-06 17:34:05,科技,野生技术协会,417,0,0,22,0,14,1
8720000,【混剪】大灾难爆发，十二岁孩子与家人失散，闯入了六大绝地并被树妖缠绕,2013-01-09 08:21:12,游戏,影视剪辑,3509,8,4,5,2,5,4
8740000,【昆曲】石小梅《牡丹亭·拾画叫画》艺术示范讲座,2013-01-10 13:52:05,生活,日常,674,5,2,59,4,19,7
8760000,【Brianna White】春季服饰试穿分享 2017,2013-01-11 18:06:18,游戏,服饰,847,2,1,21,2,4,0
9040000,【超級綜藝SHOW】（星光二班_默契情侶大考驗_李宗盛 周華健 cut）第94集,2013-01-26 21:28:55,游戏,综艺,5671,198,7,194,28,31,37
9100000,华为P系列致美|感人宣传片合辑，4分钟彻底爱上华为手机！华为P10/P9/P7/P2/广告@Daimoi,2013-01-29 22:48:01,动画,手机平板,10864,55,34,158,26,55,12
9240000,【Laurel】 近期购物分享-杂七杂八啥都有,2013-02-05 11:15:11,游戏,手工,564,5,2,5,0,6,0
9300000,还好我遇到了你,2013-02-07 20:19:18,纪录片,网络游戏,62,2,3,0,0,7,0
9340000,中韩较量国足十佳球炸裂奉上！愿今晚的国足能用这样的表现点燃贺龙体育场！,2013-02-09 13:07:16,音乐,运动,4820,64,28,48,20,25,1
9400000,八目鳗穴 - NankaArrange,2013-02-12 17:18:37,生活,音乐综合,0,0,0,0,0,0,0
9440000,WWE2K17冠军之夜PPV六场大赛,2013-02-14 14:05:27,动画,单机游戏,551,1,1,2,2,4,0
9480000,ยินดีต้อนรับสู่สายการบินนกแอร์ （泰国飞鸟航空宣传广告短片）,2013-02-16 00:16:32,游戏,广告,635,0,1,9,1,14,0
9520000,Minecraft 1.12 - 暗物质世界 隐藏更新介绍！,2013-02-17 13:16:41,音乐,单机游戏,16541,270,96,239,36,30,9
9560000,【有毒的bts歌曲】空耳防弹少年团歌曲,2013-02-18 19:36:32,游戏,Korea相关,1704,4,2,33,4,14,9
9620000,剧情向无激情解说 橙光游戏 素心难逃,2013-02-21 02:04:21,音乐,单机游戏,631,1,0,6,6,5,2
9680000,【女神异闻录5】骚死人的OP,2013-02-23 14:50:40,影视,单机游戏,253,2,0,2,1,6,0
9700000,EnV - PneumaticTokyo,2013-02-24 10:20:29,生活,电音,208,0,10,6,2,3,0
9740000,【FGO】监狱塔——第六门,2013-02-25 22:46:31,动画,手机游戏,59,0,2,2,3,1,0
9940000,如何还原一个两千年前的人们吃的面包,2013-03-08 20:31:24,游戏,美食圈,439,9,52,9,12,3,1
9960000,禽兽狙枪响人带走：穿越火线我家开的,2013-03-09 17:41:29,生活,电子竞技,106095,3429,595,480,2131,208,26
9980000,【橙纸】街边摊低价指尖陀螺测评,2013-03-10 13:57:55,动画,日常,110,3,18,1,2,6,0
10000000,BiliBili·千万投稿达成！,2013-03-11 14:11:05,游戏,综合,251226,4327,3850,11607,3820,660,2208
10080000,【 杰克武士 AMV】雪地中的暴力美学（只剪两刀，十分协调）,2013-03-16 01:20:20,动画,MAD·AMV,589,1,7,11,9,0,4
10160000,ob解说Dota2基辅特锦赛主赛事第一轮 FL VS TNC,2013-03-19 19:08:00,音乐,网络游戏,653,0,4,3,10,0,0
10220000,用生命喂鳄鱼，又是外国人少系列Σ( ° △ °|||)︴,2013-03-22 20:39:08,游戏,日常,9657,45,59,45,13,15,4
10260000,震惊！南京一知名餐饮店油锅上蹲着活老鼠,2013-03-24 13:52:42,音乐,日常,658,2,2,2,0,1,0
10360000,「汐」熊孩子不听话 可恶的剧情杀,2013-03-29 18:39:17,游戏,单机游戏,171,1,0,0,6,1,4
10380000,节奏环绕【电音】,2013-03-30 14:19:30,音乐,电音,44,0,0,2,0,0,0
10460000,【原创电音】Solar Rain-Phase Ⅱ,2013-04-02 22:04:08,音乐,电音,2894,36,44,58,75,8,0
10480000,BALDR HEART EXE深渊66,2013-04-03 22:19:35,游戏,单机游戏,60,0,0,0,0,0,0
10500000,隐藏11年 李立群竟是幕后大BOSS,2013-04-04 19:59:06,游戏,预告 资讯,21571,24,9,79,4,14,34
10600000,【LoveLive国服抽卡】四薄荷券随缘泳池妮@宽宽呀,2013-04-09 03:03:49,游戏,手机游戏,340,15,2,2,3,0,0
10620000,【侯明昊】唱吧 第一个清晨,2013-04-10 10:43:51,生活,明星,4503,41,14,158,34,71,17
10680000,王者荣耀之独唱离歌社会我忠哥（黄忠）排位集锦~2,2013-04-13 13:16:43,音乐,电子竞技,29,0,0,0,0,1,0
10720000,阴阳师新服萌新的非洲逆袭梦,2013-04-14 23:00:05,动画,手机游戏,90,8,4,0,5,2,1
10780000,杀出重围第一章,2013-04-18 12:15:03,动画,单机游戏,21,0,0,0,0,0,0
10840000,美女误入路边泳池后，竟在泰国买下房,2013-04-21 05:19:05,音乐,综艺,496,1,1,8,1,1,0
10960000,【天草】交织together【BDF2017宅舞接力】【生日作】更新P2,2013-04-27 17:11:12,游戏,宅舞,144109,2078,896,4034,5535,916,207
11080000,2017.06.04 中日龙-东北乐天金鹰,2013-05-02 15:35:06,音乐,运动,59,0,0,4,1,0,0
11120000,【虞祎杰】【毓骁个人向】 战火荒烟,2013-05-04 11:12:01,动画,影视剪辑,1142,5,3,23,2,1,2
11140000,【昙花】热缩片教程花瓣太多不想再第二朵系列╮(╯﹏╰）╭,2013-05-05 00:59:19,音乐,手工,66584,274,124,6523,420,473,154
11260000,【印度人对火锅肉的吃法】好吃不贵系列,2013-05-11 00:23:56,游戏,美食圈,1971,22,6,2,2,0,0
11280000,【超棒】A妹Ariana Grande - My Everything 专辑歌曲混音,2013-05-11 20:42:34,鬼畜,MV,318,1,2,24,3,2,2
11360000,【Sylvia Gani】6个快速简单的夏日发型,2013-05-15 17:14:41,鬼畜,美妆,855,7,1,69,1,1,0
11420000,[6+2]有型vs实用！！！两者兼得才是好包包~性价比之王最高！小ck后期会磨衣服，请和耐操衣物一起搭配使用，比如牛仔那个老东西~biubiubiu,2013-05-18 15:19:48,动画,服饰,1714,0,4,5,2,8,0
11480000,【AR-闲拍DX周边】假面骑士Poppy DX Tokimeki Crisis 心跳危机 卡带,2013-05-21 08:26:26,生活,音乐综合,11572,9,54,141,32,26,32
11580000,灰色彩虹  爱的后果,2013-05-25 19:09:37,生活,影视剪辑,329,7,1,5,3,3,1
11820000,【中字】第793话 懒蛋蛋之旅-冲绳篇@阿尔法小分队日翻组,2013-06-05 11:06:45,游戏,综合,3003,4,7,70,11,17,2
11840000,[FGO]国服一肉丸子礼装600W茨木，食我次元斩！,2013-06-06 07:22:26,游戏,手机游戏,166,2,14,4,10,0,0
11860000,asmr-sara妹子的项链和手镯,2013-06-06 22:45:24,鬼畜,其他,97,0,3,6,0,0,0
11960000,【结城友奈是勇者 鹫尾须美之章】插曲 国防体操 / 鷲尾須美(CV.三森すずこ),2013-06-10 23:21:48,生活,音乐综合,1121,1,10,38,12,4,1
11980000,【林更新综艺】《跨界冰雪王》【花絮】cut1,2013-06-11 18:46:30,音乐,综艺,24363,109,52,284,35,85,9
12000000,dota2蜀山   没玩过这RPG神特喵的游戏,2013-06-12 13:31:22,动画,网络游戏,1100,7,57,9,2,0,2
12040000,靶场猛如虎,2013-06-13 23:43:16,动画,电子竞技,12,0,0,0,0,0,0
12060000,【科普】越南語語音教學#9 阮氏青河,2013-06-14 21:10:56,音乐,趣味科普人文,569,0,0,31,1,10,2
12120000,2012-2013赛季 11月2日 欧冠小组赛第5轮 巴伦西亚vs拜仁慕尼黑 国语,2013-06-16 23:23:53,动画,运动,395,2,3,33,4,9,1
12180000,【Mugen】高尼茨的花园晚宴 - 第二集,2013-06-19 16:39:52,动画,Mugen,298,11,3,5,10,0,1
12340000,【PONYEFFECT】大师眼影盘五种风格演示,2013-06-25 10:22:26,游戏,美妆,471,2,1,19,1,2,1
12420000,练练娜可露露,2013-06-27 22:59:46,游戏,手机游戏,27,0,0,0,0,0,0
12500000,2012年亚洲杯乒乓球赛男单14决赛许昕—高木和卓（日本）20120407,2013-06-30 13:13:11,鬼畜,运动,385,3,4,9,2,1,0
12540000,GTA5 联系人任务中惊现NPC游艇,2013-07-01 16:11:55,动画,单机游戏,188,0,2,0,2,9,1
12560000,BTS English Remix-Cover by Dkaf 合集,2013-07-02 05:35:07,动画,Korea相关,625,3,19,9,4,1,0
12760000,【金毛吃不了鸡】莽夫遇上摩的,2013-07-08 00:13:21,动画,网络游戏,32,0,0,4,0,0,0
12780000,0730朴泰桓翻看中国粉丝自制纪念册,2013-07-08 17:53:31,音乐,日常,4543,40,67,104,52,16,7
12840000,【EFFECT】超强猎空单排两连胜登顶亚服,2013-07-10 14:10:23,音乐,电子竞技,5352,162,56,51,6,12,4
12940000,Logan Paul Vlogs - THEY GOT IT...,2013-07-13 12:14:58,舞蹈,日常,528,9,5,0,0,1,0
13040000,【Red Velvet】哆啦A梦 裴珠泫,2013-07-16 11:39:47,动画,Korea相关,5520,9,39,165,14,23,5
13140000,【大熊猫】大熊猫宝宝睡觉真是太可爱了， 心都萌化了_高清,2013-07-19 10:35:50,生活,动物圈,6968,64,31,189,31,26,13
13200000,[盘旋dota2]ti7淘汰赛 newbee对阵EG bo2 p1_bilibili,2013-07-20 22:11:55,科技,电子竞技,120,0,2,0,0,2,0
13280000,【杨洋】2015年4月《南都娱乐周刊》,2013-07-23 06:40:05,科技,风尚标,183,0,1,5,0,1,0
13360000,【实况娱乐视频】猫咪斗恶龙-终有一天我会死去，而你将加冕为王！,2013-07-25 10:46:01,动画,单机游戏,55,0,1,0,0,0,0
13560000,Pentatonix - Problem,2013-07-30 15:34:57,生活,MV,193,1,4,9,0,1,0
13660000,零基础也能学会的法语歌: 小小恋歌法语入门,2013-08-02 00:10:05,游戏,演讲• 公开课,109,0,1,3,0,1,0
13740000,【原知胃健康公益动画短片推荐】杭州公益广告~健康知识讲解动画！,2013-08-04 00:26:09,音乐,综合,792,0,0,9,0,14,0
13940000,台湾妹子逛清华竟然迷路了？被问是否愿意和大陆男生交往,2013-08-08 23:28:45,动画,其他,8081,45,7,16,4,3,10
14000000,【哈利波特】【德赫】【油管搬运】l'll forget about you,2013-08-10 14:45:03,游戏,影视剪辑,1127,21,96,53,10,15,11
14060000,【蚂蚁】捕食场面太凶了！一口卸掉小强大腿！,2013-08-11 22:22:29,动画,动物圈,922,2,5,2,4,0,2
14100000,看过你就输了之国产剧第一弹,2013-08-12 22:20:42,科技,影视剪辑,71702,7219,710,499,151,229,58
14120000,【大黒PA】超跑在日本系列---- 兰博基尼AventadorSV ＆Speciale Huracan＆ 488,2013-08-13 13:08:06,游戏,运动,307,0,0,6,0,8,1
14140000,【老gaygay】平民审判炸弹之母,2013-08-13 20:51:53,科技,网络游戏,222,0,9,2,2,1,1
14180000,孤影王者荣耀：两位怕是在中央戏精学院毕业,2013-08-14 21:53:12,游戏,电子竞技,5015,277,30,49,15,13,6
14200000,［橡皮章］四个包裹的拆包,2013-08-15 13:38:21,动画,手工,217,3,4,0,0,0,0
14260000,【梦间集手书】起舞吧，昼夜的彼端#梦间集剑舞笙歌#,2013-08-16 21:00:13,动画,短片·手书·配音,23553,110,123,1579,264,78,102
14360000,【良兔子】炫舞时代泡泡模式：Time to love 2,2013-08-19 08:31:20,游戏,音游,65,0,0,0,0,8,0
14460000,【天行九歌】红莲：老头你敢放蛇吓我！！！,2013-08-21 17:18:40,动画,国产原创相关,4856,94,60,69,29,6,31
14500000,刘亦菲那些很仙的角色,2013-08-22 17:16:22,游戏,预告 资讯,153,0,7,2,0,1,0
14540000,3ds录出来怪怪的,2013-08-23 16:24:34,游戏,单机游戏,124,1,0,0,0,0,1
14600000,一个不明觉厉的口红试色,2013-08-25 00:25:10,游戏,美妆,164,1,9,4,6,3,0
14820000,坎巴拉太空计划-基础教程-标识与仪表,2013-08-31 06:55:42,动画,单机游戏,135,5,2,5,9,1,1
14900000,代码学园 2014,2013-09-02 22:47:24,游戏,短片,3215,69,46,63,28,11,10
15020000,节日快乐  来自夜晚的呼唤  至尊VIP 就是不一样【中华田园犬】,2013-09-07 21:10:07,动画,动物圈,819,12,14,4,8,40,14
15040000,【GNZ48 Team G】20171003 深圳电玩节群握官方直播回放,2013-09-08 13:49:06,动画,明星,1018,11,8,19,1,15,2
15300000,【广告】潘玮柏田馥甄Hebe康师傅冰红茶 畅快够爽 冰力十足_高清_201710111742,2013-09-19 19:47:21,游戏,广告,2227,2,2,14,11,10,2
15360000,Ivana Wong Fragrance of Music,2013-09-21 20:19:08,游戏,音乐现场,363,11,2,40,12,11,5
15380000,【崩坏3】记忆战场ss飞机：追上我也不让你嘿嘿嘿！,2013-09-22 19:14:34,音乐,手机游戏,24794,133,393,80,98,62,10
15400000,今年最后一个双刘|【就是为了嫖歌】好梦如旧|踩点剪辑调色什么都没有|双刘三角|未完待续|赠九九,2013-09-23 20:19:43,动画,影视剪辑,844,24,27,42,17,0,12
15520000,[喵星人哈唧作]喵星人的脾气有多大……爆发鹰的眼睛熊的力量豹的速度竟然只是因为……,2013-09-29 16:10:19,动画,动物圈,251,2,6,2,0,0,3
15540000,震惊活动毕业之后的咸鱼居然做出这种事情,2013-09-30 11:31:13,音乐,手机游戏,90,1,4,0,4,1,1
15560000,【しゅんすけくん。】梦游病者于此岸,2013-10-01 02:17:40,游戏,翻唱,482,0,5,60,5,17,22
15620000,GTsport 课程18,2013-10-03 07:22:19,游戏,电子竞技,30,0,0,2,1,0,0
15720000,【中字】橋本環奈 第30届东京国际电影节 开幕式 红毯采访,2013-10-06 11:41:13,游戏,明星,3255,21,7,48,23,15,28
15800000,我的世界，空岛战争。,2013-10-09 13:40:25,音乐,网络游戏,69,2,3,0,0,1,0
15820000,广州国际灯光节,2013-10-10 12:13:04,游戏,日常,254,0,0,2,2,0,0
15860000,【Vincent】甜美又可爱的耳圈染 发色,2013-10-12 07:19:48,游戏,美妆,24769,74,37,768,198,168,113
15980000,王者荣耀：女娲或下周上线，超远射程无伤点塔，四技能英雄售价13888！,2013-10-17 00:39:49,生活,电子竞技,2664,7,19,7,3,19,5
16000000,Angelababy轻熟优雅登《时装L’OFFICIEL》2月封面_高清,2013-10-17 22:48:30,游戏,服饰,1340,4,70,24,0,10,6
16060000,主播在使命召唤ol的傻傻时刻,2013-10-20 03:34:31,游戏,网络游戏,86,1,13,2,0,2,1
16140000,道具赛技巧（6）,2013-10-23 14:04:48,动画,电子竞技,264,0,1,2,2,3,1
16160000,【4月】DRIVE HEAD 机动救急警察 18,2013-10-24 11:59:21,生活,连载动画,4075,4,5,4,2,0,40
16260000,翡翠尖叫 细思极恐  stage 5  失踪人口回归,2013-10-27 22:16:49,游戏,手机游戏,10,0,1,0,0,0,0
16320000,【ChelseaYang】一盘给你秋冬光泽妆容 | Charlotte Tilbury Beauty Glow,2013-10-30 19:14:56,游戏,美妆,277,0,2,4,0,1,0
16340000,碧蓝幻想咸鱼水老王SOLO水团100HL,2013-10-31 17:31:11,动画,手机游戏,823,0,1,3,2,0,0
16400000,这个冬天，跟随LACOSTE L!VE等风来,2013-11-02 21:34:58,音乐,风尚标,76,0,2,2,0,1,1
16420000,【姬姬】Fate/GrandOrder  尼禄祭高难第五幕 战士之母,2013-11-03 14:48:42,音乐,手机游戏,37,0,0,2,3,0,3
16500000,越早卸载越早幸福,2013-11-06 21:15:18,游戏,单机游戏,64,7,19,5,13,0,5
16600000,本周乱斗，一回合一个大表哥,2013-11-10 14:14:08,动画,电子竞技,6397,13,11,4,3,13,3
16620000,【天使之路】终场大秀01,2013-11-10 23:08:09,动画,综艺,27309,417,31,64,2,23,17
16640000,[北京师范大学国家级精品课程：复变函数教程].复变函数0,2013-11-11 18:23:30,音乐,演讲• 公开课,6675,6,16,423,14,25,18
16700000,【RM】-片段-跳水，钟国：哦~有点令人害怕呢。,2013-11-14 12:22:53,音乐,Korea相关,7764,24,10,21,7,6,8
16880000,【妹纸玩战舰世界】美驱法拉格特的周末任务杀人鲸行动,2013-11-21 13:58:18,游戏,网络游戏,193,1,9,0,7,7,1
16980000,ひきがや小町 英雄联盟 超CARRY的一局ADC奥巴马哟 3,2013-11-25 00:20:51,动画,电子竞技,114,0,0,0,0,0,4
17000000,【回顾】2017暑期虫洞开放日混剪,2013-11-25 22:03:34,游戏,日常,2859,15,48,11,2,11,24
17080000,［火影忍者手游］鼬的真相最后一章,2013-11-29 17:56:02,游戏,手机游戏,171,3,4,0,0,2,0
17120000,【七日杀a16】第11期 探秘地下信号井,2013-12-01 01:34:29,游戏,单机游戏,903,29,17,3,6,2,13
17260000,【K-POP IDOLS】当你的爱豆遇到了虫子㈡,2013-12-06 23:20:03,游戏,Korea相关,7312,115,20,140,0,6,17
17320000,【MMD 60FPS】空姐们提前庆祝圣诞节了！等你们把她们抱回家！,2013-12-09 00:16:34,生活,MMD·3D,892,0,10,178,11,1,13
17360000,【青鸾式旗袍洛天依】看我用眼神秒杀你！[>_<],2013-12-10 21:46:22,游戏,MMD·3D,2577,8,61,470,65,10,81
17480000,企业内部审计问题_注册会计师审计价格_注册会计师审计实例价钱,2013-12-15 20:21:24,音乐,演讲• 公开课,19,0,0,0,0,0,0
17500000,VLOG 01 分享一个出游旅行必备的清单，纯干货知识哦,2013-12-16 19:03:35,游戏,日常,791,1,12,11,6,7,10
17520000,[Zoé的法国日常]up主消失这么久原来是去!....,2013-12-17 17:03:42,游戏,日常,205,6,2,1,5,0,5
17600000,平安夜♂那个男人会来吗,2013-12-21 01:13:12,鬼畜,其他,3655,17,15,5,9,12,10
17700000,【融哥解说】王者荣耀 新模式五军对决试玩，一炮双雕带领队伍拿第二,2013-12-24 21:45:52,动画,手机游戏,57,0,4,2,4,0,4
17760000,LO MEJOR DE HIPER EN 2017,2013-12-27 14:08:08,游戏,网络游戏,194,0,0,3,1,2,0
17840000,十二大战片头曲,2013-12-30 17:00:25,游戏,综合,267,0,0,7,0,4,3
17860000,【周杰伦战队cut】《水手很忙&牛仔怕水》周杰伦 董姿彦 达布希勒图 卓猷燕 陈颖恩（中国新歌声第二季）,2013-12-31 13:51:03,动画,综艺,4723,23,5,78,9,24,29
17900000,18年你好,2014-01-01 18:40:49,游戏,网络游戏,189,0,13,1,12,2,10
18160000,挠咦斯,2014-01-12 10:32:40,游戏,手机游戏,28,0,0,0,0,0,0
18200000,西游记剧场版,2014-01-13 16:52:11,游戏,搞笑,4091,92,29,131,14,34,41
18280000,【上古卷轴5】那是一道美丽的抛物线,2014-01-16 15:57:46,音乐,单机游戏,105,0,5,2,0,1,7
18380000,我和她的世界末日之猜数字小游戏,2014-01-19 21:31:08,音乐,单机游戏,643,8,11,12,6,11,6
18460000,[辐射4],2014-01-22 15:58:08,游戏,单机游戏,107,0,4,0,3,1,2
18500000,【OH MY GIRL】迷你5辑主打曲《秘密花园》MV&音乐银行现场,2014-01-23 20:02:12,音乐,Korea相关,174,0,4,0,0,0,2
18620000,再现卢本伟？这个外挂厉害了,2014-01-27 11:21:34,鬼畜,网络游戏,113,0,2,0,2,1,2
18640000,【中字】Brick|<合体>就算飞越两千里 也要给你带来惊喜,2014-01-27 21:00:19,游戏,日常,9279,35,29,132,47,8,129
18680000,刺客信条：起源 DLC预告【4k片源】,2014-01-28 23:04:34,游戏,单机游戏,166,0,0,4,0,1,0
18760000,1.公益广告动态视频广告画面设计视频制作我要视频网,2014-01-31 12:45:21,游戏,其他,32,0,0,0,0,0,0
18860000,【板栗】童年国语版日漫配音，你没看过算我输！,2014-02-03 18:01:10,生活,综合,1446,79,70,25,47,4,35
18880000,【七幕人生】音乐剧《剧院魅影》百老汇版卡司在《今日秀》上表演《Music of the Night》（搬）,2014-02-04 11:07:10,游戏,音乐综合,3692,46,34,105,9,25,12
18900000,《永远的七日之都》实验网上合影装的玄学是不是真的有用,2014-02-04 20:36:12,音乐,手机游戏,2801,17,85,28,23,7,14
19100000,心【重音テト：公式（泳衣）】,2014-02-09 21:41:36,动画,音游,211,3,12,21,0,2,5
19140000,【Red Velvet】Bad Boy Live 舞台混剪五合一,2014-02-10 22:15:09,游戏,Korea相关,148,0,0,3,0,0,1
19160000,【AMBER STUDIO】原创自制VLOG-用iPhone 6 plus拍摄旅行日记-美国东西海岸,2014-02-11 15:39:33,动画,日常,240,0,1,4,0,2,1
19180000,王者荣耀技能恶搞 诸神懦夫，人间强者,2014-02-12 00:48:35,动画,手机游戏,790,12,7,2,6,0,9
19260000,【180206 YUKIri 直播录制】怪物猎人：世界,2014-02-14 00:05:06,音乐,单机游戏,667,2,21,14,10,2,46
19300000,跑跑卡丁车，这是什么挂，新型挂吗，从来没见过,2014-02-14 20:32:23,番剧,电子竞技,359,7,6,5,4,1,1
19320000,91年　玉置浩二・薬師丸ひろ子結婚 -,2014-02-15 11:04:29,音乐,综艺,3282,14,9,41,6,15,8
19340000,週刊新曲VOCALOIDランキング#59,2014-02-15 18:29:31,音乐,VOCALOID·UTAU,142,5,3,5,2,5,4
19360000,【掘地求升】新世界纪录 - 1m 44.774s 速通（Lumonen）,2014-02-16 06:42:50,音乐,单机游戏,27455,154,155,140,33,137,69
19380000,[星途WeGoing]票圈里还有人玩这个吗,2014-02-16 17:58:06,动画,手机游戏,47,1,2,3,5,5,3
19660000,【红蝶】后面一段 零真红之蝶 第六期++++,2014-02-25 12:00:07,番剧,单机游戏,41,0,0,0,0,0,0
19720000,【噬神者2RB】(1级装备挑战) 店擬？泥巴？煤氣爐？,2014-02-27 12:46:53,影视,单机游戏,209,2,8,5,12,12,9
19740000,『铁路』火车视频-雨中宁芜,2014-02-28 01:26:39,游戏,其他,2650,14,15,23,25,8,12
19760000,[TSKS]孝利家民宿2.E03.180218.中字,2014-02-28 18:59:12,音乐,Korea相关,231496,5408,436,2913,652,192,945
19800000,【长剧情】沈西林X高晨 黄渤X严屹宽 汉奸X卧底 高H有火箭慎入 民国,2014-03-01 19:45:15,动画,明星,17524,738,290,642,527,184,553
19820000,新人UP主钻石上分路第一期———天蝎座无量战尊皮肤,2014-03-02 12:34:00,生活,电子竞技,400,4,1,0,0,1,1
19920000,性感小姐姐的日常化妆过程 GRWM 【cutiecaryn】,2014-03-05 23:47:53,生活,美妆,354,0,2,12,0,1,11
19940000,模拟人生4捏人 呐呐的捏人视频,2014-03-06 20:07:35,游戏,单机游戏,449,34,5,5,15,6,13
19960000,My First Vlog,2014-03-07 15:29:06,科技,日常,66,0,9,0,4,2,3
19980000,【马鹿】ナツコイ,2014-03-08 02:24:53,游戏,明星,1240,4,18,58,26,5,20
20120000,徐王驹 fgo 哈桑中的哈桑,2014-03-12 10:39:37,音乐,手机游戏,46,0,1,0,0,0,1
20200000,古惑仔的一天,2014-03-15 01:17:34,游戏,网络游戏,1305,1,73,7,4,7,14
20220000,【PVZ】九章阵华录-主S2-核武二炮【开局】,2014-03-15 16:40:12,鬼畜,单机游戏,2159,5,20,22,18,5,27
20240000,【6年老手】《战火英雄》 第1话 失控的毒剂（剧情+战术）,2014-03-16 00:32:20,游戏,单机游戏,485,1,9,13,15,4,15
20280000,炉石传说-狗头人与地下世界 德鲁伊篇,2014-03-17 00:39:24,动画,网络游戏,524,8,5,0,2,1,2
20360000,京剧资料 乌龙院 小麟童 孙毓敏_标清,2014-03-20 00:02:05,影视,日常,400,0,1,27,5,8,5
20400000,姐姐教你，如何分辨南红包浆料？,2014-03-21 15:31:46,游戏,日常,25,0,0,0,0,0,0
20480000,彩虹6号：赠送4包爆发包，非酋的开包,2014-03-23 14:16:08,鬼畜,电子竞技,146,6,2,0,4,2,4
20500000,【帅气的影狐】老外看秦时明月天行九歌第一集 鱼跑了，钱没了,2014-03-23 22:25:40,游戏,国产原创相关,12445,299,286,64,190,18,207
20560000,崩坏3 影骑士.月轮，红莲深渊单人站场体验,2014-03-26 03:05:20,音乐,手机游戏,1029,1,13,2,0,2,2
20620000,【刘东】0310录屏完整,2014-03-28 12:46:20,游戏,日常,343,2,1,9,6,5,6
20680000,4k,2014-03-29 23:25:12,音乐,电子竞技,19,0,1,0,2,0,0
20700000,开心剧乐部：吴京真被节目组坑惨了！饺子变大葱，上来就吃真汉子,2014-03-30 14:15:10,音乐,影视剪辑,1269,0,0,3,0,2,3
21000000,注册机音乐 TOP100！ (8-Bit音乐),2014-04-07 14:56:48,舞蹈,音乐综合,9887,32,89,545,125,30,135
21040000,螺旋钻，梦寐以求的互换结晶,2014-04-08 16:57:31,生活,手机游戏,280,0,6,0,12,1,2
21100000,【周涛|2018生贺】明星,2014-04-10 15:01:43,生活,影视剪辑,1513,18,5,95,28,1,28
21280000,《丝绸之路》作曲：姜莹  演奏：中央民族乐团【多彩版】,2014-04-14 19:13:07,生活,演奏,3581,20,26,206,29,70,57
21300000,沪教菁英班第4讲测试1,2014-04-15 13:00:34,动画,演讲• 公开课,48,0,2,0,0,0,0
21320000,离骚-易烊千玺-3D环绕加变音女生请自备耳机全程高能,2014-04-15 23:30:57,游戏,其他,3292,8,4,24,9,7,25
21340000,EVE教程：二级任务·仁慈之心-编号11,2014-04-16 17:58:32,娱乐,网络游戏,177,1,2,4,6,0,6
21520000,[cover] Instagram-DEAN,2014-04-21 12:39:51,游戏,翻唱,2039,0,8,45,13,8,19
21540000,李敏镐-你不是很好吗,2014-04-21 21:24:06,科技,明星,249,3,3,9,2,3,1
21580000,爆笑南北方差异：我是一只来自北方的狼，却在南方冻成了狗,2014-04-22 23:10:12,游戏,搞笑,1615,5,2,5,7,12,17
21660000,【Fischer’s】【多P】フィッシャーズのぺけクラ【リアルマインクラフト】第1話 (生肉),2014-04-25 13:24:03,动画,搞笑,111,0,2,7,0,0,3
21680000,promise,2014-04-25 21:25:45,动画,音游,420,0,7,39,11,2,13
21720000,真恋～寄语枫秋 第二十期 True Love Confide to the Maple,2014-04-26 19:11:37,游戏,单机游戏,9,0,0,2,0,1,1
21740000,闲鱼1300收的Gear S3先锋版（对比初代Apple Watch）,2014-04-27 09:50:05,音乐,手机平板,3096,4,18,6,9,1,5
21880000,【生肉】十大水上漂浮建筑,2014-04-30 23:47:36,娱乐,趣味科普人文,729,1,0,17,0,0,2
22000000,【经典战略游戏】狂王的后继者 全剧情 流程 音乐 1998年,2014-05-03 09:39:04,音乐,单机游戏,2805,3,57,37,10,2,21
22080000,4K 鹿儿岛县 『春の散步道』Panasonic GH5S & MOZA AirCross,2014-05-04 20:53:33,娱乐,趣味科普人文,789,2,3,26,5,9,8
22140000,今天我来教你设置手机来电壁纸，快来学习吧,2014-05-06 14:35:08,音乐,手机平板,276,0,2,0,2,0,3
22240000,从《绝地求生》看实事，决赛圈里拼补给，叙美饿谁会吃鸡？,2014-05-09 08:56:26,游戏,手机游戏,63,1,2,0,0,5,2
22260000,【剑网3】四奶的酸臭恋爱气息 （秀毒&花琴）,2014-05-09 19:08:29,游戏,其他,1127,4,10,31,15,10,16
22320000,【FGO】爱抖露天团,2014-05-10 21:29:40,音乐,手机游戏,85878,238,585,313,1689,237,1337
22400000,敲铃铛的老牛 气的ADC一直在说我哈哈哈哈哈,2014-05-12 14:05:28,动画,网络游戏,698,1,5,1,2,6,1
22600000,【崩坏3】谁说鬼凯不能深渊主c的？我07战车今天就要强行抬（害）一手鬼凯！,2014-05-17 18:41:52,生活,手机游戏,5216,29,70,13,43,15,20
22620000,Kraftwerk - Neon Lights (Remix),2014-05-18 01:05:26,动画,电音,130,0,1,6,2,2,4
22700000,【朴孝信】8辑先行曲“别时”(別 時)预告影像 Teaser 5,2014-05-19 21:23:05,游戏,Korea相关,225,2,2,5,2,5,8
22740000,好久没玩了玩一下，中间开始发挥，带走这群家伙赢了,2014-05-20 22:13:55,游戏,网络游戏,21,0,0,3,2,1,2
22780000,【Kingdomino|多米诺王国】一个圈地自萌的桌游,2014-05-22 01:01:54,影视,日常,382,1,1,3,2,11,5
22920000,淘宝买了抖音上非常火的“妖娆花”，这花妖娆的差点闪到腰,2014-05-24 23:13:33,音乐,日常,69016,277,278,340,219,300,1029
22960000,「托兰异世录」樱花祭典，快来赏樱呀！,2014-05-25 18:19:13,科技,手机游戏,226,0,4,0,6,2,2
23060000,【消灭都市国服排位战】Fine Day Tomorrow(复刻版)：光木花屋×牧野（满条件木平衡12.25倍队）【1080P/60FPS】,2014-05-28 10:56:15,音乐,手机游戏,95,0,6,2,0,0,7
23080000,拳皇14网战集锦18.5.06,2014-05-28 18:45:50,动画,单机游戏,206,4,2,1,2,1,3
23560000,3.xPVP怀旧纪念,2014-06-07 12:44:17,动画,网络游戏,261,1,5,4,13,4,2
23600000,【滚动的天空】荷鲁斯之眼通关,2014-06-07 21:20:26,音乐,手机游戏,31,0,3,0,0,1,0
23660000,【Helen】拼贴27.0 | 想建一座天空之城 | 几何形状拼贴 | 简单2页拼贴 | 手账排版分享 | 止域 ENJO,2014-06-08 17:54:45,科技,手工,508,1,10,12,1,0,18
23680000,SMITE神之浩劫秀你坐下,2014-06-08 23:32:34,音乐,电子竞技,748,6,3,2,5,7,11
23740000,同为1799元，骁龙660+主打拍照+快充，小米6X和Note3你选哪个？,2014-06-10 07:21:38,游戏,手机平板,3091,4,34,3,2,10,3
23780000,护肤达人婉卿教你战胜肌肤问题：碧欧泉奇迹水,2014-06-10 21:02:53,游戏,美妆,0,0,0,0,0,0,0
23840000,吊炉烧饼2012年拍摄,2014-06-11 21:41:57,游戏,美食圈,329,0,3,0,0,1,1
23860000,【柴犬Maru】Maru:苦练挖煤技术，窝要赚很多很多小钱钱让粑粑麻麻过上好日子！,2014-06-12 11:24:19,游戏,动物圈,1561,21,29,21,32,9,34
23920000,180525 KBS音乐银行 女团LIVE现场合集 大势防弹少年团一位,2014-06-13 13:04:55,游戏,音乐现场,5598,49,13,43,0,3,10
24100000,【公开课】人类与核科技发展【复旦大学】,2014-06-16 11:32:41,游戏,演讲• 公开课,246,0,0,18,1,2,1
24120000,【中字】花后晴天第七集预告 音要转校!伤心的晴… 命运的车轮开始转动5_29(火)『花のち晴れ〜花男 Next Season〜』#7【TBS】,2014-06-16 18:54:45,游戏,预告 资讯,824,0,3,2,0,0,2
24160000,飞翔吧！我的故乡！【东海地区】,2014-06-17 16:09:51,游戏,音乐综合,1285,4,0,76,2,1,7
24300000,【快乐星猫系列/MMD】Centuries【大尾】（自改模型测试）,2014-06-20 14:02:17,游戏,MMD·3D,595,6,10,27,14,2,12
24360000,2018.6.3行列のできる法律相談所【 古舘伊知郎に収録中キレた女優Kとは衝撃の映像公開SP】,2014-06-21 15:04:17,游戏,综艺,2199,3,0,25,1,2,6
24600000,第一次拍摄广告，多谅解,2014-06-25 23:23:55,影视,广告,63,0,1,0,0,0,1
24620000,1984年庞蒂亚克车系广告,2014-06-26 12:46:17,动画,汽车,783,3,5,32,14,10,8
24640000,【学习】Study with me-2018年6月10日,2014-06-26 19:14:00,游戏,日常,37,0,0,0,0,1,0
24720000,【锤基】on my own。（主洛基视角向最后有部分索尔视角）,2014-06-28 07:46:11,生活,影视剪辑,233,1,8,17,15,1,11
24900000,王者的摄影后期课-photoshop液化,2014-07-01 10:45:45,音乐,野生技术协会,2239,27,14,338,40,25,43
24920000,我在十点差三分的时候开始想你 cover花粥 尤克里里弹唱,2014-07-01 16:55:05,游戏,音乐综合,206,0,0,2,0,6,4
25020000,【指绘】一只很久以前的赛姐——永远的七日之都,2014-07-03 11:00:18,游戏,绘画,174,2,5,8,11,1,17
25100000,成龙大哥给白丝小姐姐做按摩,2014-07-04 16:22:05,游戏,影视剪辑,79702,40,14,1194,22,44,122
25160000,你们说，我是不是要把它们抓起来,2014-07-05 15:36:07,游戏,动物圈,44,1,6,0,2,0,3
25220000,这是今天给小姐姐拍的预告片,2014-07-06 14:32:19,科技,日常,1009,0,12,5,8,7,49
25240000,王者荣耀 队友全部阵亡， 诸葛亮1打5， 完成5杀守住水晶,2014-07-06 19:55:57,音乐,电子竞技,146,0,1,0,3,2,0
25460000,【少儿爵士】【热舞舞蹈会所颛桥店】上海闵行颛桥颛兴都市路 专业学舞蹈学跳舞  0623,2014-07-10 08:19:53,娱乐,三次元舞蹈,85,0,0,2,0,1,0
25500000,[舞台] 180616/180617 Wanna One - Light Simply K-Pop/人气歌谣,2014-07-10 18:50:12,游戏,Korea相关,243,0,4,5,4,2,8
25640000,年度最便宜835手机 399元上车三星S8,2014-07-12 21:14:51,音乐,手机平板,394012,1526,650,596,188,350,728
25720000,【魔改+大场面】mental omega3.3.3 心灵控制 与 “光芒中的指挥官大人..”,2014-07-13 23:39:52,音乐,单机游戏,5400,55,135,42,120,1,68
25740000,【航模】小罗700直升机飞行暴力不要不要的……,2014-07-14 12:03:55,鬼畜,机械,1281,7,11,11,4,2,5
25760000,蓝莓兔子酱*黑猫石榴裙,2014-07-14 17:08:59,游戏,绘画,29,0,1,0,0,0,7
25840000,做人不能太“过桥费” - 「V博」No.003,2014-07-15 18:34:05,生活,日常,23,0,0,0,0,0,0
25920000,不要被琳琳迷惑，你鬼哥还是你鬼哥,2014-07-16 20:07:27,游戏,明星,8955,385,73,666,162,50,417
26000000,[我的世界PE]解密公司RE7（地图非原创）[沫],2014-07-17 21:42:19,纪录片,手机游戏,2279,2,79,16,12,3,34
26060000,【决战平安京】非洲酋长教你一分钟拥有灯姐黑丝皮肤和大天狗全皮肤,2014-07-18 18:50:50,游戏,手机游戏,86,1,2,0,2,2,1
26120000,卫斯理地塚英国金属核 Behind Blue Eyes - Growing Cold,2014-07-19 16:46:24,游戏,音乐综合,32,0,0,2,0,3,0
26140000,DANCE CLUB登陆江城武汉街道口 WE ARE COMING,2014-07-19 21:12:55,鬼畜,广告,444,0,0,2,0,10,1
26200000,办公软件word，ppt，excel教程02课,2014-07-20 18:37:48,游戏,演讲• 公开课,18,0,3,0,0,1,1
26220000,SNH48“粤”成长 无限可能 赵粤生日主题公演倒计时两天,2014-07-20 23:03:08,娱乐,明星,159,0,3,5,0,0,14
26440000,格式工厂爱剪辑-文件加密传输,2014-07-23 20:34:01,游戏,演讲• 公开课,39,0,0,0,0,5,0
26500000,【徜系】momoland又出新曲？ bboom bboom×baam混音翻跳,2014-07-24 15:43:04,娱乐,三次元舞蹈,6048,17,37,175,69,8,81
26580000,muf水粉霜测评,2014-07-25 15:18:52,娱乐,美妆,4907,103,10,18,15,11,30
26680000,【落花情】嘘~小声点，不要吓到弱音姐姐,2014-07-26 20:40:57,音乐,MMD·3D,249,0,16,75,11,5,19
26740000,两个儿子太猛！为阻止妈妈找新男友，点了4万多的西餐，真厉害啊,2014-07-27 17:34:26,舞蹈,搞笑,13,0,0,0,0,0,0
26780000,和团长拼刀  水逼对决,2014-07-28 09:15:20,生活,网络游戏,28,0,0,0,4,2,1
26800000,神罚  无畏战舰,2014-07-28 13:45:06,游戏,电子竞技,6658,118,61,7,23,6,74
26900000,二狗子装B秀,2014-07-29 17:08:39,生活,手机游戏,140,0,3,0,0,1,1
27260000,【李昇基】腾讯娱乐《爱豆伴饭》14期：李昇基行程繁忙，独特的减压方法,2014-08-02 16:10:03,生活,综艺,1129,6,0,9,3,5,20
27520000,BL_博林天瑞  区位篇 03-22-2,2014-08-05 12:56:21,影视,趣味科普人文,88,0,0,0,0,0,0
27580000,当你赞了半个赛季的线索去抽杰克皮肤的时候。。。,2014-08-06 01:59:06,游戏,手机游戏,78,0,0,0,0,0,0
27680000,【历史国旗地图】1800-2017年欧洲各国国旗地图演变史,2014-08-07 12:18:03,游戏,趣味科普人文,86684,1528,157,1410,106,123,524
27760000,小帅哥小美女快来玩呀,2014-08-08 10:14:06,生活,手机游戏,220,1,5,0,6,0,6
27780000,张智霖袁咏仪穿着休闲，牵手甜蜜逛街，十指相扣恩爱十足！,2014-08-08 14:13:38,娱乐,明星,275,0,0,0,0,0,0
27860000,网页上有错误怎么解决,2014-08-09 13:32:17,游戏,手机平板,40,0,1,0,0,2,0
28100000,简单飞机L-15和L-16,2014-08-12 13:22:04,生活,手机游戏,121,1,2,4,2,0,5
28120000,扭曲先輩,2014-08-12 17:16:53,游戏,日常,3460,63,167,49,1,8,16
28240000,DECASAMSARA 13-3,2014-08-13 23:14:56,游戏,单机游戏,132,0,2,0,0,0,0
28260000,曾竞杰初一,2014-08-14 10:09:26,娱乐,日常,8,0,0,0,0,0,0
28300000,【SNH48】【姜杉】20180801姜杉抖音——blingbling~,2014-08-14 17:58:23,科技,明星,354,0,8,6,4,5,13
28400000,《星际穿越》Anatomy of a Scene with Director Christopher Nolan,2014-08-15 19:39:35,音乐,影视杂谈,45,0,1,0,0,1,0
28420000,【WANNA ONE】碗妹与爱丽朋友一起看Produce 101s2最终排名第一弹,2014-08-15 23:27:54,动画,明星,2421,27,14,15,3,0,29
28440000,【初音ミク・flower】ビビ 【サマリ】,2014-08-16 10:22:28,游戏,VOCALOID·UTAU,239,1,4,57,3,3,32
28480000,跑跑BUG,2014-08-16 18:15:21,生活,网络游戏,178,0,2,0,4,1,2
28500000,我的另类手帐素材,2014-08-16 22:05:27,科技,其他,79,0,3,0,0,2,1
28520000,【4月】棒球大联盟2 18,2014-08-17 07:44:36,纪录片,连载动画,65044,935,169,4,181,32,728
28560000,当你的电脑系统变成了盗版再重装系统-用360重装系统（修复版）,2014-08-17 17:50:39,游戏,野生技术协会,3331,33,23,15,2,2,18
28580000,【神威がくぽ】鈍色の街【だあくP】,2014-08-17 22:04:13,生活,VOCALOID·UTAU,58,0,1,11,0,1,1
28920000,【TGBUS】《无双大蛇3》繁体中文版 奥丁动作演示,2014-08-21 20:32:57,游戏,单机游戏,1388,11,15,2,0,11,21
29000000,【补档】B站一些已挂av号的原视频（av501-av1000 区间）,2014-08-22 19:00:28,科技,其他,4670,6,109,109,13,3,73
29040000,光头广场极其舒适的日常（淦）,2014-08-23 09:04:51,游戏,网络游戏,26,0,4,0,2,0,3
29060000,【宝马HP4Race】5分钟！带你了解为赛道而生的顶级摩托！,2014-08-23 13:38:41,游戏,汽车,2920,3,11,49,8,14,31
29200000,【稻荷天狐】《决战！平安京》妖狐线上对线七个小技巧及后期团战站位实况教学,2014-08-25 00:46:05,游戏,电子竞技,1810,53,176,69,177,12,121
29240000,无限鬼畜！小羊我的世界红石ep1,2014-08-25 16:30:07,游戏,单机游戏,32,0,3,0,0,1,1
29260000,炉石的小伙伴们看过来！马上又可以拿补偿了,2014-08-25 20:33:38,生活,网络游戏,35,0,0,0,2,0,1
29360000,【排位】2018.08.14晚上19点排位,2014-08-26 23:51:49,游戏,手机游戏,1540,93,47,6,58,10,114
29400000,跟007聊一聊 20100802 WaT(ウエンツ瑛士&小池徹平) & BENI【生肉】,2014-08-27 14:55:32,游戏,综艺,2460,3,6,44,0,2,2
29500000,油管主播们玩玩具熊的五夜后宫4被突脸合集,2014-08-28 16:34:15,游戏,单机游戏,308,1,6,0,0,0,5
29600000,【离子DOTA2解说】TI第二日 LGD vs EG 版本理解的差距,2014-08-29 18:08:14,生活,电子竞技,8324,105,44,12,94,11,94
29620000,俄罗斯老兵达人秀,2014-08-29 21:48:30,影视,星海,185,0,4,2,1,1,1
29660000,今天不是全金卡吗？谁来解释一下,2014-08-30 13:14:05,生活,手机游戏,60,0,4,0,0,0,0
29680000,【非人学园】太白的丘比特之箭,2014-08-30 17:14:21,科技,手机游戏,5396,57,34,62,127,22,244
29740000,记我的游玩日常 上海海洋馆,2014-08-31 12:24:24,游戏,日常,25,0,0,0,0,1,0
29900000,风暴英雄 - 梦旅人 - 克总秀起来 - 克尔苏加德 - 20180820,2014-09-03 00:57:19,音乐,电子竞技,2952,61,37,7,9,9,18
30120000,【我的英雄学院OP3】这世上，笑着的人才是最强的,2014-09-06 23:49:25,娱乐,翻唱,157,0,1,4,0,1,2
30160000,一个1小时的osu萌新练习一张图10分钟会怎么样,2014-09-07 15:14:05,音乐,音游,120,0,0,0,0,1,1
30220000,CF手游梁哥：马来剑毁灭光效，新出的动态光效太帅了,2014-09-08 08:54:49,影视,手机游戏,530,0,7,0,3,8,6
30320000,回忆有萌点，以后见。。。,2014-09-09 16:09:12,游戏,综合,19,0,0,2,3,0,3
30340000,【原创】Nameless Theme,2014-09-09 21:36:42,游戏,原创音乐,129,0,4,5,9,5,7
30360000,冒险模式第2关通关视频,2014-09-10 11:24:29,生活,手机游戏,16,0,2,0,0,1,0
30460000,【英雄联盟CG混剪】告诉我你为什么喜欢英雄联盟,2014-09-12 13:04:26,舞蹈,影视剪辑,310,2,21,11,30,14,21
30500000,【服务器】最新最酷跑酷服,2014-09-13 02:19:50,动画,单机游戏,2329,10,112,61,29,19,58
30580000,［零氪少年］瞧一瞧看一看，新鲜出炉新版狂野蓝龙德比上一版少一橙呦。,2014-09-14 08:59:01,鬼畜,电子竞技,227,0,2,1,4,1,3
30660000,二师父妙手书生妙手转扇,2014-09-15 11:05:35,生活,影视剪辑,81,0,0,0,0,0,0
30680000,男生最新“短飞机头”发型超帅气，小哥哥们试一试吧！,2014-09-15 19:08:56,游戏,美妆,7756,3,5,102,4,16,25
30720000,纪世瀛 - 悟性管理02,2014-09-16 17:16:29,游戏,其他,29,0,0,1,0,0,0
30740000,媛媛乒乓球训练-2018.8.26,2014-09-16 23:48:55,游戏,运动,99,0,1,0,0,1,1
30800000,积分夺宝居然有上限，全息碎影在线开怼|王者荣耀|,2014-09-18 13:31:52,科技,电子竞技,616,1,11,3,4,6,3
30820000,【中文解说】DH斯德哥尔摩tyloo vs Astralis bo3 图一荒漠迷城,2014-09-18 21:15:47,动画,电子竞技,2539,62,29,9,25,11,22
30860000,【rachie】liar dance【英文翻唱】,2014-09-19 18:24:31,游戏,翻唱,540,29,9,71,11,9,41
30900000,【初音ミク】滅びのレメディー【Big Void】,2014-09-20 12:13:21,游戏,VOCALOID·UTAU,54,1,4,16,0,0,5
30920000,《美国恐怖故事8天启》预告1,2014-09-20 17:11:54,生活,预告 资讯,541,1,0,6,0,10,4
31100000,逆战魂狩梦幻之翼预览，翅膀背包，梦幻之翼动态喷漆预览,2014-09-23 19:35:53,生活,网络游戏,2628,13,26,4,6,8,8
31120000,杨超越发功了 咪蒙离婚了 结婚是件喜事 不一定是件好事,2014-09-24 08:44:14,影视,日常,616,5,11,3,10,5,20
31160000,死神VS火影3.2 普通佐助 0气起手 高台限定非幽步不重复10割连,2014-09-25 00:29:21,游戏,单机游戏,600,2,2,11,5,0,7
31200000,【饼崽美瞳课堂】大热玛丽苏彩虹美瞳究竟有多大的魔力,2014-09-25 21:57:06,游戏,美妆,831,7,1,7,5,6,9
31280000,♛简单易学橘色眼妆,2014-09-27 12:03:59,影视,美妆,33,0,0,2,0,2,0
31360000,让我告诉你什么叫看不见,2014-09-28 18:45:15,生活,手机游戏,14,0,1,0,0,0,0
31500000,高产似母猪,2014-10-01 08:55:07,游戏,手机游戏,44,0,3,0,0,0,0
31540000,【补】8月29号，中国队vs韩国队，麻辣香锅惊天一脚，踢回了faker，同时也踢走了曾经的遗憾！！,2014-10-01 18:26:33,生活,电子竞技,277,0,0,0,0,1,0
31600000,JYP公司艺人GOT7 林在范Sunrise MV与Super Junior D&E日专Sunrise MV‘相似’实锤对比视频,2014-10-02 14:17:41,科技,Korea相关,28970,10,829,97,125,145,308
31640000,【王者荣耀】特工魅影百里守约教科书式在线性感秀枪法？？！！！,2014-10-02 22:37:02,游戏,手机游戏,220,0,0,0,0,0,3
31680000,王者荣耀：寒冰变身“寒导”？国服杨戬：剧本安排好了！好好演！,2014-10-03 14:56:06,生活,电子竞技,168896,1754,433,404,308,163,1187
31720000,洋妞教你怎样钓到又大又圆的大黑鱼GIRLS Trip Hot summer FISHING _ Part 2 [720p],2014-10-03 22:53:20,游戏,日常,530,1,2,16,1,0,1
31880000,AE图片快剪,2014-10-05 21:12:14,游戏,广告,1548,0,3,35,0,13,5
31960000,【高中生吐槽大赛】哇，现在的小老弟，怎么一个比一个骚。女装了解一下？,2014-10-06 19:21:23,科技,搞笑,23,0,0,0,0,0,0
32160000,撩人的小妖精！,2014-10-09 22:53:10,生活,动物圈,34,0,0,0,0,1,1
32180000,天啊！美爆了【 BLACKPINK & 美瞳】快进来表白!2018,2014-10-10 13:09:04,生活,明星,2144,18,13,62,3,5,27
32260000,让人兴奋的击杀镜头快速看完一局faker韩服亚索高端排位赛,2014-10-11 20:47:50,音乐,电子竞技,323,2,1,3,0,1,1
32480000,布衣,2014-10-15 22:08:50,生活,其他,14136,464,10,707,280,12,1212
32500000,“吃饭”大学果然名不虚传！,2014-10-16 12:13:04,音乐,美食圈,57,0,1,2,0,0,1
32520000,百天百种三明治,2014-10-16 18:57:22,游戏,日常,97,0,4,3,0,9,0
32640000,野房偶遇大佬，带飞猎场排位！！！,2014-10-18 16:57:52,娱乐,网络游戏,5397,21,47,9,45,11,72
32680000,板渣的日常练习,2014-10-19 03:39:29,游戏,运动,35,0,0,0,2,0,1
32760000,用玩具枪也能拍出反恐精英的电影大片的紧张感！,2014-10-20 11:01:08,音乐,日常,54,0,0,0,0,1,0
32900000,20180930巡查,2014-10-23 01:32:10,娱乐,日常,20,0,1,0,0,0,0
32980000,世界泰拳冠军激怒中国大级别拳王郭强，结果被一拳重击KO瘫倒了,2014-10-24 17:04:49,游戏,运动,179,0,0,0,0,0,2
33000000,【甄嬛傳】回宮的第二天就有人等不久了,2014-10-24 22:07:04,影视,影视剪辑,30549,35,72,64,4,19,114
33020000,[中国医生在非洲]赤道几内亚的传染病到底有多严重？  石医生:每天都要面对十几个艾滋病人,2014-10-25 09:19:15,游戏,日常,501,0,0,5,4,1,109
33200000,跑跑卡丁车手游极速礼盒15连+游侠HT排位试跑,2014-10-27 18:12:39,游戏,手机游戏,270,0,1,0,1,1,2
33240000,影视中的历代帝王49-张廷玉烧掉密折，康熙：大胆！你怎么把它烧了？,2014-10-28 12:40:21,游戏,影视剪辑,3689,12,9,15,13,6,27
33360000,平凡之路-天下3,2014-10-30 19:18:53,游戏,网络游戏,113,2,3,3,0,3,2
33420000,Bicep Workout (SORE IN 6 MINUTES!),2014-10-31 20:32:13,音乐,运动,7,0,0,0,1,0,0
33520000,丈夫想掌管家庭财政，谁知妻子居然给他出了5道题，结局让人意外,2014-11-02 07:51:33,游戏,短片,39,0,0,0,0,0,0
33600000,卫斯理地塚美国残忍死亡金属 WURM FLESH - EXCORIATION EVISCERATION,2014-11-03 12:10:07,游戏,音乐综合,20,0,0,0,0,0,1
33720000,COD5使命召唤5僵尸模式模组MOD俄罗斯基地,2014-11-05 20:30:14,音乐,单机游戏,181,1,4,4,0,0,3
33740000,我会三步并作两步哦,2014-11-06 10:12:14,游戏,手机游戏,5,0,0,0,0,0,0
33820000,【MMD】你是否愿意与我来一次沙漠之星的旅行？MIKU砂の惑星,2014-11-07 20:50:01,游戏,MMD·3D,141,1,7,31,5,0,22
33840000,【GTA5】当你在RTX2080Ti下运行GTA是怎样的体验,2014-11-08 06:00:42,游戏,单机游戏,42972,224,90,191,18,56,137
33920000,650日纪念，非洲穷鬼提督准备弃坑。,2014-11-09 08:34:15,游戏,手机游戏,20,0,1,0,0,0,3
33980000,Oh My Girl - Remember Me + Secret Garden @江南庆典 永东大路K-pop演唱会（放送）现场版,2014-11-09 22:21:07,游戏,Korea相关,119,0,0,0,0,1,0
34000000,【SIF】如果将手游里的水团二单加上厄介call【MASTER】,2014-11-10 11:56:13,生活,音游,981,1,38,5,4,1,15
34060000,会计职称注册会计师_注册会计师考试内容_报考注册会计师的费用,2014-11-11 14:19:43,科技,广告,1,0,0,0,0,0,0
34140000,南宁一私家车惊现“恐怖鬼脸” 原因竟是这样,2014-11-12 23:59:26,游戏,日常,3,0,0,0,0,0,0
34220000,【娘炮的杀机时刻】黎明杀机 万圣节の幽灵皮肤,2014-11-14 17:37:39,游戏,网络游戏,157,6,6,4,4,1,11
34260000,Aerim~喜欢红色的衣服吗？红色衣服开箱,2018-08-23 14:47:41,生活,服饰,98,2,1,0,0,0,0
34360000,【阴阳师MMD】鬼切和源赖光相关摸鱼合集,2014-11-16 14:32:07,生活,MMD·3D,15787,172,83,852,332,84,498
34380000,举一能反三，不得不佩服国人的“借鉴”功力,2014-11-16 18:48:08,科技,明星,31,0,0,1,0,0,0
34400000,真讓人x頭大的遊戲。。,2014-11-16 23:22:37,动画,单机游戏,22,0,1,2,3,0,2
34500000,这摩托车怕不是成了精,2014-11-18 21:54:29,游戏,电子竞技,40,0,3,0,0,0,4
34540000,华南农业大学资源环境学院18环科3微电影《朱大昌的锄头》,2014-11-19 18:54:51,生活,日常,162,9,10,11,19,13,20
34580000,艾灸-丹荔山竹社,2014-11-20 15:44:46,游戏,其他,114,0,2,4,4,12,5
34620000,小“戚薇”——超萌超可爱，节目未开播已圈粉无数！,2014-11-21 10:00:03,游戏,日常,29,0,0,0,0,1,0
34660000,【バズリズム02】Kis-My-Ft2-ZERO（20180421）,2014-11-21 20:52:17,游戏,音乐综合,409,3,2,10,6,2,3
34680000,1K420000　市政公用工程项目施工管理（5）,2014-11-22 05:23:07,生活,演讲• 公开课,11,0,0,0,0,0,0
34720000,一只小白的摸鱼日常(つд⊂),2014-11-22 17:07:45,娱乐,绘画,17,0,5,2,1,2,1
34820000,德式焖饼加大蒜。香,2014-11-23 19:12:37,生活,日常,43,0,0,0,0,0,1
34940000,黄豆被熊孩子吓的躲了起来,2014-11-25 22:03:49,音乐,日常,84,0,2,0,2,1,5
34980000,一旦你尝试过天空的味道，你就会永远向上仰望,2014-11-26 18:40:30,娱乐,音游,35,0,0,0,0,0,0
35000000,【生发的秘密】玖○后高级养生茶汤,2014-11-27 00:29:14,科技,美食圈,1408,9,59,10,10,12,24
35060000,陶云圣［树没叶］合集,2014-11-28 09:50:29,音乐,明星,448,0,1,21,0,6,5
35260000,【手绘】一个快草稿！( •̀∀•́ ),2014-11-30 23:23:16,游戏,绘画,10,0,1,0,0,0,1
35280000,矩阵满buff是什么体验？195-200层实录,2014-12-01 13:11:24,游戏,手机游戏,275,2,1,2,0,1,3
35300000,不坑爹的艺二代,2014-12-01 19:26:34,游戏,特摄,36,0,2,2,0,0,0
35340000,2018-11-04-虎牙-912丶Zero-星家班【IG牛逼！！！】【1】,2014-12-02 17:41:22,游戏,其他,400,0,0,4,0,0,2
35360000,Top 25 Fire Truck Responses of 2017 - Best Of Sirens,2014-12-02 23:21:43,游戏,汽车,51,0,1,1,0,0,1
35540000,【对现实女性失望？】日本男子宣布与初音未来结婚，但婆婆拒绝参加婚礼,2014-12-06 13:44:27,游戏,日常,341,0,4,2,1,1,2
35580000,2018.11.08星际2IGXY午夜人皇鸟哥人族第一视角,2014-12-06 23:35:13,游戏,电子竞技,192,0,0,3,3,0,6
35600000,creo 2.0 电熨斗三维曲面造型,2014-12-07 11:12:53,生活,演讲• 公开课,631,0,1,24,4,6,5
35640000,【阴阳师】炼狱茨木真的太难抽了！但是如果给你老婆一个10连和一句……,2014-12-07 19:54:19,游戏,手机游戏,66,0,2,0,2,2,1
35760000,戊戌重阳雅集-洞庭秋思,2014-12-10 02:43:53,生活,演奏,183,3,1,3,4,6,4
35820000,熊呈呈 上集,2014-12-11 13:29:45,科技,人文·历史,511,0,5,9,15,1,35
35860000,我的回忆,2014-12-12 11:32:35,娱乐,单机游戏,11,0,0,0,2,0,1
35880000,爱尔兰古堡追踪,2014-12-12 18:05:04,动画,其他,10,0,0,1,0,1,0
35900000,闪闪帽衫,2014-12-12 23:45:49,游戏,服饰,22,0,0,0,0,1,0
35940000,《决战平安京》红叶：一个残血，却炸出三个死人,2014-12-13 17:38:18,游戏,电子竞技,5690,8,38,10,14,1,89
35960000,【廖佳琳 】《笑之歌》,2014-12-13 21:58:59,游戏,音乐综合,64925,114,47,1335,236,988,627
36040000,Flutter新手的Flutter随想-001-初识代码,2014-12-15 01:13:57,音乐,野生技术协会,197,0,0,6,1,1,2
36180000,出一份28r的手账福袋呀！超多貌美的试吃，分装，特殊工艺余卷，还有好看的便签贴纸，快来看看呀！,2014-12-18 13:41:37,科技,手工,701,2,11,1,2,0,9
36220000,花花的新demo《我离孤单几公里》,2014-12-19 11:10:24,游戏,音乐综合,48,0,0,0,0,1,0
36280000,【随便玩】《刺激》（无声视频）很久没玩海岛了，中国好队友大白白七杀v5被我坑死了，生气下线,2014-12-20 11:51:59,音乐,手机游戏,8,0,0,0,0,0,0
36300000,【11.10～11 追星少女广州寻爱vlog】,2014-12-20 17:26:02,生活,日常,53,0,0,0,0,2,1
36440000,这种全赌翡翠赌石，能不能出翡翠那,2014-12-22 22:14:13,生活,趣味科普人文,21,0,0,1,0,0,0
36460000,【生育机器冯雪娟】李老八又没儿子了T﹏T,2014-12-23 12:16:29,游戏,日常,799,0,8,0,1,5,3
36480000,莫莫多拉：月下遐想—瘟疫蔓延【ACT-Steam】1.5/3全流程,2014-12-23 19:18:53,影视,单机游戏,984,1,4,31,9,0,52
36560000,环球链第十一集精华版｜运营区块链媒体的七大要诀,2014-12-25 10:33:15,影视,演讲• 公开课,10,0,0,0,0,0,0
36580000,堡垒溜溜球 - 02 - 不会搭板憨就完事了，不会杀人溜就完事了^_^,2014-12-25 17:22:23,科技,电子竞技,53,1,0,2,4,1,3
36640000,【总谱】海顿 - D大调钢琴协奏曲，作品Hob.XVIII:11,2014-12-26 20:16:18,音乐,演奏,135,0,0,6,3,6,4
36660000,【最养眼】筱原凉子代言后，TRIUMPH内衣品牌又放大招—商务谈判的核心竞争力,2014-12-27 02:12:04,游戏,广告,220,4,1,5,0,1,2
36680000,日常vlog,2014-12-27 14:08:29,游戏,日常,5,0,0,0,0,1,0
36820000,男孩遭受恶作剧被毁容，几年后邀请捉弄他的人聚会，在学校展开复仇,2014-12-29 18:10:18,游戏,影视杂谈,51,0,0,0,0,0,0
36860000,【台荣GP2】不戴头盔是个什么意思？让你开凯迪拉克的同学认出来吗？,2014-12-30 14:37:17,游戏,运动,1902,0,7,1,4,2,10
36880000,【可视化音乐】【Djent/Space Ambient】2018年11月27号 | Uneven Structure - Februus全专辑O`Zen界面录屏,2014-12-30 21:37:09,生活,音乐综合,74,1,0,4,0,5,3
36920000,卫斯理地塚美国摇滚金属 Letters Into Eternity - Limit,2014-12-31 16:52:29,游戏,音乐综合,10,0,0,0,0,0,2
36940000,【超清 原档】情书.Junjin/闵庚勋/Tim/申正焕/成诗京/千明勋/Andy/韩恩贞/洪秀雅/玄英/张英兰/全慧彬/孔贤珠.EP77.2005年5月7日,2014-12-31 21:16:12,游戏,综艺,495,0,1,4,0,0,1
36960000,《认识频道 Cherry Bullet》EP01 20181128,2015-01-01 02:13:30,音乐,Korea相关,3674,71,19,52,9,8,26
36980000,谁说法海不懂爱？哈哈哈笑死了,2015-01-01 12:56:24,游戏,搞笑,586,4,2,13,2,10,8
37060000,手帐小机关翻翻看｜用心制作给高中班主任的退休纪念册｜让你想起家的一首诗,2015-01-02 14:38:07,动画,手工,98,0,0,4,2,6,2
37100000,【wanna one】【姜丹尼尔】正规一辑 POWER OF DESTINY 拆专 激动到手抖,2015-01-02 23:30:41,舞蹈,明星,71,0,0,2,0,0,3
37160000,我的世界阿阳暮色奇遇6：登高俯瞰整个迷雾森林，小月感叹太美了,2015-01-03 21:26:04,游戏,单机游戏,13809,160,33,64,17,0,277
37260000,OPPO系统终于脱离了iOS的影子！coloros5.2使用感受 by mtest,2015-01-05 19:44:02,游戏,手机平板,1251,4,24,0,0,1,4
37320000,王天辰之番麓十二,2015-01-06 22:11:36,游戏,明星,60,0,0,0,0,0,0
37340000,劳力士最经典的黑水鬼，最成熟的腕表之一,2015-01-07 11:58:01,音乐,手机平板,83,0,0,0,2,0,0
37380000,【香水广告混剪】12支香水广告混剪,2018-10-07 10:40:00,广告,美妆,53,0,0,0,0,1,2
37400000,【刘哔】新栏目解说伊藤润二经典漫画预告,2015-01-08 14:55:45,音乐,综合,113513,265,951,277,1595,81,4726
37440000,战地V-无聊的BF109G2日常,2015-01-09 10:26:48,游戏,单机游戏,115,0,0,0,3,0,1
37460000,王者荣耀张大仙杨戬被安琪拉疯狂教育， 直言没法玩了_高清,2015-01-09 17:18:47,音乐,手机游戏,84,0,0,0,0,0,1
37580000,《千年醉》古剑奇谭三总览MV（处女作，不喜勿喷）,2015-01-11 11:51:48,生活,单机游戏,420,0,8,7,13,4,20
37640000,宝哥新配电脑迟迟不来，竟因王哥去小深深家修电脑了,2015-01-12 07:53:21,游戏,网络游戏,50023,65,48,65,89,3,271
37740000,彩虹三黑,2015-01-14 00:17:02,娱乐,电子竞技,23,0,0,0,2,1,1
37760000,LOL全明星solo赛八进四：faker又开始瓜皮了，挑逗诺手惨被击杀,2015-01-14 14:53:55,游戏,电子竞技,5661,5,5,1,9,3,10
37900000,【沙雕配音/内海】为了搞清楚表情包的故事从第一集开始看到名场面时是什么反应,2015-01-16 21:24:03,动画,特摄,539,0,1,1,1,1,3
37940000,杨超越告别直播：如果我退团，你们就找不到我了,2015-01-17 14:24:49,音乐,明星,12983,30,22,61,22,3,84
38000000,【剪辑向/60帧】守望先锋官人之你能找齐所有cut嘛？,2015-01-18 09:40:50,音乐,网络游戏,825,2,26,5,17,1,29
38100000,【崩坏三】大部分人都不知道的隐藏的水晶,2015-01-19 19:05:20,科技,手机游戏,46,0,0,0,0,0,0
38180000,【郑在玹】维他命玹别是喝了假酒一样可爱吧,2015-01-21 01:22:19,娱乐,Korea相关,297,0,0,17,0,0,1
38220000,抗体看海：拜占庭帝国的光复,2015-01-21 19:50:00,生活,单机游戏,89,0,3,1,4,0,2
38280000,【动漫驿站】小菲论剑（侦探排名） + 酷片放送（抬驴）,2015-01-22 20:08:44,娱乐,综合,489,1,7,22,6,1,14
38340000,【指弹吉他】Petteri Sariola早期逆天演奏Stomp,2015-01-23 19:36:04,生活,演奏,1506,3,13,14,3,1,18
38380000,防城港市分公司团支部-勇当铁塔转型升级的弄潮儿-（李嘉茵、苏悦）,2015-01-24 12:40:43,舞蹈,日常,3319,1533,3,12,16,8,16
38400000,同人MAD これから,2015-01-24 17:31:23,科技,音乐现场,138,0,7,10,4,0,16
38440000,大龙你敢和我过一招吗,2015-01-25 08:38:32,游戏,电子竞技,7,0,0,0,0,0,0
38500000,【凌天】141003  MAMAMOO  - Mr.暧昧模糊 颂乐  饭拍,2015-01-25 22:53:58,游戏,Korea相关,70,0,2,1,0,1,2
38520000,【王嘉尔】王嘉尔首次谈这就是街舞,2015-01-26 11:49:05,游戏,明星,11129,299,119,437,60,29,516
38580000,智障出游,2015-01-27 10:29:41,游戏,日常,10,0,0,0,0,0,0
38660000,GRWM/随便出现随便化个冬天的妆随便扯淡/随便的小型吹爆mac marrakesh现场,2015-01-28 14:25:43,生活,美妆,257,8,17,2,19,0,17
38700000,【安利/第二期】这些CP，谁顶得住啊！！！甜哭了！！！,2015-01-29 00:42:27,游戏,综合,30114,403,154,662,550,49,723
38720000,say hi~,2015-01-29 12:48:55,科技,日常,8,0,0,0,2,0,1
38820000,【指绘】当一条咸鱼突然拿起了手机……,2015-01-30 19:52:06,音乐,绘画,151,0,9,7,2,0,9
38880000,1919年满目疮痍的一战战地 飞艇摄影,2015-01-31 17:31:14,影视,军事,302,0,5,14,1,2,22
38920000,重庆攻丝机 全自动攻丝设备智高自动化,2015-02-01 05:04:56,音乐,机械,4,0,0,0,0,0,0
39080000,找到你了啊！,2015-02-03 13:14:54,生活,短片·手书·配音,16,1,0,0,0,0,0
39240000,中文歌《讨厌》翻跳,2015-02-05 16:43:25,游戏,三次元舞蹈,121,0,0,1,1,1,0
39260000,【東方】是人是妖都在秀，只有天子在挨揍。,2015-02-05 20:53:43,游戏,单机游戏,5191,9,52,144,23,7,104
39280000,【石中玉e】明日之后第42集，卡bug了,2015-02-06 01:44:40,游戏,手机游戏,39,0,3,0,0,0,7
39320000,让主播的丟手机的游戏。让我的手机已报废！,2015-02-06 16:59:44,音乐,单机游戏,21,1,1,1,4,1,3
39340000,OB勇士联赛2018 12-29半决赛  天才龙神教你选阵容讲相声,2015-02-06 20:27:17,游戏,电子竞技,982,2,0,1,2,0,5
39360000,【赴美生子那些事】纯干货分享,2015-02-07 01:10:37,音乐,日常,11116,71,54,196,60,69,224
39380000,【BEJ48】小彭的直播【彭嘉敏】20181230,2015-02-07 12:20:33,游戏,明星,53,0,0,0,1,0,3
39440000,MM2k-再见，巴亚斯·布拉德,2015-02-08 01:57:11,游戏,单机游戏,26,0,1,0,0,0,0
39460000,【谢妮】恭喜妮妮三百场达成！未来有无限的可能Team NII 《N.E.W》公演 谢妮cut,2015-02-08 12:49:33,游戏,明星,240,0,3,5,12,0,21
39500000,〖白塔中学文化艺术节〗英语艺术节-短剧：《灰姑娘》-参演班级：初2016级十班,2015-02-08 20:46:58,游戏,其他,213,0,12,3,0,1,2
39620000,梦寐以求的中场  有了他你的后场坚如磐石,2015-02-10 10:33:30,游戏,手机游戏,4197,14,16,2,0,0,7
39660000,【亮剑】二营长！你他娘的快让我唱改革春风吹满地！,2015-02-10 18:42:01,音乐,影视剪辑,1760,0,3,7,6,4,19
39740000,Escape From Tarkov 2019.01.01 - 21.39.03.19,2015-02-11 18:09:13,游戏,网络游戏,12,0,1,0,0,0,0
39820000,CF最新挑战强化武器-冰火魔兽，伤害和攻速有点爆炸~,2015-02-12 16:20:06,鬼畜,电子竞技,10744,63,54,14,25,18,120
39880000,【洛克王国】1月4日更新!亲密系统上线!小寒拜访王国!关羽进化!貂蝉老仙回归!,2015-02-13 11:14:41,动画,网络游戏,402,0,4,0,2,0,6
39960000,天鹅绒之吻//Unable to convey love - MMV,2015-02-14 08:27:06,生活,MAD·AMV,5303,8,144,424,403,42,468
39980000,VLOG10/和我一起跨年吧/看地球最后的夜晚,2015-02-14 13:17:17,游戏,日常,104,2,7,0,3,3,6
40000000,《跳舞的线》敲美饭制关卡！晨曦 - The Dawn,2015-02-14 16:51:34,游戏,音游,24730,128,658,562,403,42,952
40100000,刺激战场雨林图圈缩海中央，居然可以拼药吃鸡,2015-02-15 19:54:45,音乐,电子竞技,163,1,13,0,2,1,1
40200000,立陶宛旅行记录,2015-02-16 22:41:52,影视,社会·美食·旅行,127,4,2,4,0,1,5
40300000,复仇女神--重生之路,2015-02-18 02:01:55,生活,影视剪辑,71,1,0,0,0,1,1
40320000,华晨宇鸟巢演唱会 我管你 超嗨舞台！燃炸了！,2015-02-18 12:27:20,游戏,明星,804,1,3,8,2,2,21
40340000,【吴吞吞】La vie dans le Sud - Merry Xmas,2015-02-18 16:42:30,动画,日常,55,0,0,0,0,1,0
40420000,[正恒丶反水sama] 揭秘正恒老板线下生活 01月10日,2015-02-19 20:38:11,音乐,综艺,863,0,0,7,1,0,0
40440000,彩虹六号北美地区职业联赛第九赛季 Excelerate Gaming vs Team Reciprocity,2015-02-20 02:09:05,动画,电子竞技,58,0,0,0,1,0,0
40460000,香肠派对手游 UMP9这把武器简直就是神器 不吃鸡都很难,2015-02-20 14:14:35,影视,手机游戏,178,0,0,0,2,0,5
40580000,宋民国咕咕翻栏杆翻不过去，该减肥啦！,2015-02-22 00:00:05,音乐,日常,12897,3,10,32,3,11,26
40740000,科比头上砍60分，把美元当厕纸用，NBA身披“0”号球衣最酷的男人,2015-02-23 20:47:25,动画,运动,54061,78,86,127,58,11,163
40780000,mifengaaa_2019.1.14,2015-02-24 11:43:05,影视,其他,650,10,2,0,5,0,12
40840000,【怪物猎人世界】太刀 贝希摩斯 16分48秒,2015-02-24 23:00:02,动画,单机游戏,67,0,0,0,0,0,1
40900000,一个读文章的业余爱好者《你》,2015-02-25 17:22:51,音乐,日常,42,0,2,0,0,0,2
41020000,明日之后    终于7级庄园了ฅ(*°ω°*ฅ)*,2015-02-26 20:59:14,音乐,手机游戏,25,0,0,0,0,0,1
41060000,郭于《于大妈请神》,2015-02-27 11:16:00,游戏,综艺,302,1,1,2,0,0,1
41080000,[生肉]QuickyBaby的WOT:QB日常—法国车跑的过快了吗？轮式战车对战场态势的改变,2015-02-27 15:19:43,音乐,网络游戏,198,0,6,1,3,2,14
41140000,郭德纲真的是太损了，明明就是柴狗，却非要叫中华田园犬！,2015-02-28 03:05:53,游戏,搞笑,157,0,0,2,0,0,0
41200000,刚看完《流浪地球》，原作者大刘第一时间给出点评。说真的，看片过程中我好几次热泪盈眶的说！,2015-02-28 19:27:27,音乐,预告 资讯,274811,586,2610,1090,1679,1123,4908
41260000,厕所OR餐厅？傻傻分不清！这部思路清奇的电影你看过没？,2015-03-01 13:48:57,游戏,影视剪辑,24,0,0,0,0,0,0
41340000,【战就战】大神,2015-03-02 15:58:54,动画,电子竞技,89,1,1,1,4,0,4
41400000,家里没电脑，只能来网吧看纪录片了。,2015-03-03 12:58:35,音乐,日常,22,0,0,0,0,1,0
41560000,这就是强者的世界吗？,2015-03-05 17:06:15,动画,搞笑,53,1,1,3,1,0,3
41760000,【白蛇：缘起】情未变.缘未灭,2015-03-08 07:39:10,游戏,音乐综合,116,0,0,0,2,0,2
41800000,【魁拔】魁拔之前不火就是宣传不到位啊，求有能力的大佬一起制作宣传片啊,2015-03-08 17:29:24,游戏,综合,208,4,5,2,8,0,18
41880000,#搞砸01# | 记录 | 终于去了惠院找杨某 |,2015-03-09 22:25:14,游戏,日常,40,0,1,0,0,2,2
41900000,藤原书记想让我们告白！,2015-03-10 12:05:30,游戏,其他,306,1,4,1,1,3,4
41920000,【书记大小姐想让我告白】书记的魔性舞蹈配上炮姐的战歌会怎么样呢？,2015-03-10 19:14:26,生活,综合,140,1,5,2,1,1,7
41980000,新年打年兽-绝地求生年兽实战打法！春节故事当然离不开游戏,2015-03-11 22:04:01,音乐,手机游戏,882,0,9,2,5,0,5
42040000,生日快乐,2015-03-13 00:57:57,娱乐,日常,7,0,0,0,0,0,1
42060000,【吃鸡】我再也不要玩第一人称了！,2015-03-13 14:50:43,生活,网络游戏,151,2,3,1,4,0,4
42120000,(中字)日婆2019年第一个美妆视频 Rihanna蕾哈娜周二美妆教程:日常妆的画法,2015-03-14 11:29:48,音乐,美妆,6810,21,14,73,17,12,84
42240000,【搬运】味全酸奶代言,2015-03-15 15:22:29,生活,广告,190,0,1,9,0,6,1
42320000,【英雄联盟/燃向】此恨经年深，此情度日久,2015-03-16 17:40:58,游戏,GMV,30940,196,137,2180,2399,199,2586
42380000,【国产游戏】撩猫？不，我撩鬼！,2015-03-17 18:42:08,游戏,单机游戏,1300,42,18,34,25,1,81
42400000,DAY BOUNCE(BY TOMEK839839)通关录像,2015-03-18 00:02:45,音乐,单机游戏,73,0,1,1,0,0,0
42460000,[半音阶]聖なる日の祈り,2015-03-19 03:58:35,游戏,演奏,78,1,2,2,10,4,7
42480000,范丞丞Dream直拍（转自微博鹅的鲜榨橙汁，为了镜面扒舞）,2015-03-19 15:53:06,游戏,音乐现场,7097,49,26,192,9,9,154
42520000,【启东公交】启东飞鹤公交106路全程前方第一视角POV（城东花园-爱心托老院）,2015-03-20 08:54:00,动画,机械,177,0,5,2,9,2,12
42540000,【崩坏3bug】卡出来的机械丽塔动态壁纸！话说我要怎么出去啊……,2015-03-20 16:25:52,游戏,手机游戏,143,0,0,0,0,0,2
42620000,首先，知否知否，就是朱一龙最帅[害羞]然后这是未完成版，因为还没学完[捂脸]再来，为啥发未完成版呢？因为很想发那个表情包[坏笑]最后祝大家新年快乐[机智],2015-03-21 16:20:54,娱乐,演奏,32,0,0,0,0,0,1
42700000,【Rapperの日常】马思唯给大家送上新春祝福！,2015-03-22 12:33:41,音乐,日常,1345,0,3,2,1,3,25
42740000,黄景瑜金曲串烧《迟到》《对你爱不完》《大哥你好吗》《朋友》,2015-03-22 19:38:58,音乐,明星,2823,26,18,90,12,14,210
42820000,【猫片】猫年到了，猫年大吉（迫真）,2015-03-24 02:44:00,动画,动物圈,59,0,2,0,6,0,4
42880000,【跳舞的线】赛车,2015-03-25 10:53:44,生活,手机游戏,36,0,1,0,1,0,2
42900000,出白菜簪子【关注满百出付邮送】,2015-03-25 18:38:52,动画,其他,236,0,9,2,3,2,3
42920000,【FGO】小品节目：2019新春福袋从者排名简介（下）,2015-03-26 00:04:53,生活,手机游戏,7472,73,64,81,282,10,294
43020000,【队长-奈布大冒险】《第五幼儿园》我，法老奈，不会让杰克吸的,2015-03-27 20:24:57,游戏,手机游戏,23,0,0,0,0,1,0
43060000,【樱井翔】致名叫竹本祐太的少年,2015-03-28 12:11:11,动画,明星,166,0,1,3,2,0,5
43180000,【当日剧看系列】如龙0主线剧情流程剪辑PC版第九章,2015-03-29 18:48:45,音乐,单机游戏,86,1,1,0,2,0,3
43220000,最佳寿司(三文鱼+金枪鱼生鱼片+寿司卷!) |美食秀,2015-03-30 12:13:28,音乐,美食圈,51,0,0,0,0,0,0
43300000,《流浪地球》填补的不仅仅是中国硬科幻电影的空白,2015-03-31 20:26:09,影视,影视杂谈,1001,2,16,15,7,1,68
43320000,【崩坏学园2】小剧场：不要停下来啊！（指追寻正义之路）,2015-04-01 04:09:15,生活,手机游戏,59,0,2,0,0,0,3
43340000,【夏夏追星手帐】凯源∣vlo.3 你们是最棒的王见王,2015-04-01 14:56:52,动画,手工,222,0,10,2,0,0,10
43380000,街头口琴表演，，！！！秀翻了！！,2015-04-02 05:45:16,游戏,演奏,681,0,3,4,0,0,7
43400000,愛されすぎて××されちゃうCD 『調教義弟』 (CV.四ツ谷サイダ,2015-04-02 15:59:35,舞蹈,其他,307,0,0,13,4,0,2
43460000,简单的永久付费皮肤免费方法,2015-04-03 16:07:02,娱乐,单机游戏,273,9,7,6,4,1,8
43500000,看我五爷溜到飞起,2015-04-04 00:36:41,游戏,Korea相关,94,0,4,0,1,0,3
43620000,改动了一下漆黑的魅影精灵，分享两个。,2015-04-04 12:12:37,音乐,单机游戏,97,0,4,1,2,0,2
43820000,传智播客_韩顺平_php从入门到精通 (1-100),2015-04-06 14:47:53,生活,演讲• 公开课,260,0,0,15,4,1,2
44080000,本以为是个普通的好看的。吓了我一跳,2015-04-10 12:07:26,动画,日常,4,0,0,0,0,0,0
44120000,爽吃爽玩哈尔滨vlog，白天的冰雪大世界更美！,2015-04-10 21:50:58,舞蹈,日常,67,0,2,0,0,0,2
44360000,[美国广告](2018)Green Mountain Coffee Rousters(16：9)-2,2015-04-13 23:50:46,游戏,广告,18,0,0,0,0,1,0
44560000,好嗨哟！,2015-04-17 12:50:07,舞蹈,搞笑,16,0,0,0,0,0,0
44640000,魅惑混音 防弹少年团金泰亨Singularity×The Weekend Earned It,2015-04-18 14:27:38,游戏,Korea相关,36,1,1,5,0,0,4
44660000,RAab - Feel Me.mp3,2015-04-18 18:30:22,生活,翻唱,26,0,0,0,0,1,0
44680000,2.25凌晨1点联机官方联运自制随机事件？,2015-04-18 22:23:07,动画,单机游戏,67,0,1,0,2,2,3
44720000,【朴灿烈杂志】W 三月刊 帕尔玛之水,2015-04-19 12:54:20,游戏,明星,187,0,0,3,0,0,0
44800000,淘宝上几十块钱的喷泉音响试听，喷出来的那一刻，这几十块钱花的挺值！！,2015-04-20 14:21:38,游戏,影音智能,332,0,4,0,0,0,3
44840000,【王牌御史】学习委员黄晓烟技能展示~(⑅˃◡˂⑅)大招帅爆了,2015-04-21 02:25:56,游戏,手机游戏,356,1,1,0,0,1,2
44900000,【DAL SHABET 朴秀彬】150904 JOKER,2015-04-22 00:31:00,游戏,Korea相关,1247,1,2,163,1,0,10
45020000,【盘点】那些令人爆笑的客串表演,2015-04-24 08:21:55,数码,影视剪辑,305,0,1,1,3,1,10
45080000,狐妖小红娘竹业篇来了，结尾竟然是以秦兰角度来唱的，太可爱了！,2015-04-25 06:23:29,游戏,国产原创相关,617,1,11,7,2,3,15
45140000,【叶子有】拜年大作战:真实?真·过时游戏,2015-04-25 21:56:12,科技,手机游戏,13,0,0,0,0,0,1
45160000,2019年3月2日晚上9点 K服被熊录像,2015-04-26 05:42:03,游戏,单机游戏,36,0,3,0,0,2,1
45240000,【桥本环奈】你看这雪糕它又大又圆，你看这环奈她.。。。,2015-04-27 07:44:24,音乐,影视剪辑,43307,269,115,1105,339,125,617
45300000,神超怀旧系列：牛头出推推棒简称推推牛，上高地一打五，不把对面当人！,2015-04-28 08:55:01,生活,网络游戏,35,0,0,0,0,0,0
45320000,西原健一郎/西安场/the vibe,2015-04-28 16:08:07,音乐,音乐现场,39,0,1,1,4,0,2
45360000,桐ヶ谷 仁 2010late summer live,2015-04-29 10:01:53,游戏,音乐现场,26,0,0,0,0,1,0
45380000,手动挡停车场和欧洲卡车模拟2,2015-04-29 17:20:22,鬼畜,手机游戏,57,0,0,0,0,0,1
45400000,自制东北地道锅包肉成就get✔,2015-04-29 22:29:24,舞蹈,美食圈,113,0,0,1,2,0,2
45420000,蓝舞者出品《艺考之路》，聚焦艺考生的原创短片！,2015-04-30 11:06:25,生活,短片,351,0,2,2,0,2,10
45560000,阿里巴巴一分钟卖出8万个榴莲，如何判断好坏,2015-05-01 23:25:22,科技,美食圈,142,0,0,0,0,0,1
45700000,长崎蛋糕 | 原来发胖这么让人幸福啊呜 吐司盒也可以做蛋糕了? _？,2015-05-03 13:54:05,动画,美食圈,2280,52,41,74,38,1,86
45760000,暮光之城混剪  新人勿喷,2015-05-04 01:21:38,生活,影视剪辑,76,0,7,0,2,0,4
45860000,《乡村爱情》中赵四最硬气的一次打架，也是场面最大的一次！,2015-05-05 19:44:40,游戏,影视剪辑,40422,43,13,145,15,94,87
45940000,非人学园：穿越到一个只会打架的学校，还和王者差不多？,2015-05-06 22:40:22,纪录片,手机游戏,1585,9,23,6,6,0,101
46020000,2019-03-11 21-32-51,2015-05-08 10:06:20,娱乐,单机游戏,17,0,0,0,2,0,1
46060000,1岁2个月29天的俞蛋讨厌吃鱼香肉丝——第一次学会用叉子,2015-05-08 20:47:55,游戏,日常,48,0,0,0,0,1,0
46100000,第五人格:玩第五人格的不同阶段，你属于哪个阶段？,2015-05-09 11:11:25,动画,手机游戏,116,0,7,0,2,1,7
46220000,【黑人兄弟·双语字幕】没想到你竟然如此鳝变！,2015-05-10 15:07:27,音乐,搞笑,86,0,0,0,0,0,1
46260000,MUGEN假面骑士乱斗（102）,2015-05-10 22:05:08,娱乐,Mugen,173,0,13,2,6,0,12
46280000,【林彦俊】天天向上现场弹唱YOU,2015-05-11 09:08:31,动画,音乐现场,36939,422,371,2984,779,538,2744
46340000,真的不会写标题真,2015-05-12 08:21:35,舞蹈,运动,8,0,1,0,1,0,1
46380000,孕晚期短片,2015-05-12 21:41:05,娱乐,日常,102,0,0,0,0,0,0
46560000,【苏落君/匹配玩人】第五人格,2015-05-15 21:02:44,娱乐,手机游戏,13,0,0,1,0,0,1
46680000,【陈奈丝儿的第二只vlog】高二女学生的换脸日常,2015-05-17 10:31:52,游戏,日常,115,13,3,2,13,0,9
46760000,【狐狸球玩球】第三段，一条长长的大一八，玩球,2015-05-18 11:48:51,游戏,动物圈,726,1,8,3,4,1,57
46800000,《日常》午餐外卖 19年4月2日 憨最可爱了,2015-05-18 22:38:07,音乐,日常,4,0,0,0,0,0,0
46900000,# RUC VLOG | 宿舍视角 | 日落 | 火烧云,2015-05-20 16:43:39,音乐,日常,45,0,2,1,1,0,2
46920000,14岁少年被拘禁殴打20小时，施暴者对他烟头烫铁棍打开水浇头,2015-05-20 21:43:23,游戏,日常,24,0,0,0,0,0,0
46940000,Desafinado by JJ （Samba Groove）,2015-05-21 09:45:00,影视,演奏,111,0,3,2,2,1,5
46980000,玩这么久Fgo你还记得这些【即死】宝具吗？,2015-05-21 21:50:49,音乐,手机游戏,9892,103,139,178,81,17,337
47020000,裸棕色系妆容【Quach Anh Makeup Artist】,2015-05-22 14:39:27,游戏,美妆,8,0,0,0,1,0,0
47040000,怀旧的歌好听~~~~,2015-05-22 19:32:38,音乐,日常,27,0,0,0,0,1,2
47100000,[包桑]第306期 我一路向北，离开有你的季节...就在此停止狼狈，忘掉过去吧,2015-05-23 14:43:08,游戏,电子竞技,4578,44,73,31,105,12,151
47220000,防弹香港21号Mic Drop团体直拍,2015-05-24 20:39:41,动画,Korea相关,63,0,0,4,0,1,2
47280000,趁着学校的滑雪假粗去玩～巴塞罗那是一个充满艺术气息的城市，那里的人都很会享受生活，也是我们很放松的一个旅程～希望大家看的开心吖～❤️,2015-05-25 19:19:35,番剧,日常,33,0,0,2,0,1,0
47320000,【鬼灯的冷彻】果然官方鬼畜最为致命，太太有魔性了,2015-05-26 13:19:00,动画,综合,41,0,0,0,0,0,1
47360000,无限火力选到这英雄千万别换，带个丛刃单挑无敌！,2015-05-26 23:18:52,游戏,电子竞技,30921,190,144,11,54,4,104
47420000,超星神-格兰赛沙。洛基亚始终不忘自己的荣誉,2015-05-27 21:14:56,娱乐,综合,84,0,0,0,0,0,1
47440000,妖刀姬初体验，满命三杀，菜鸟也能疯狂输出,2015-05-28 06:40:27,游戏,网络游戏,16,0,0,0,0,1,0
47500000,阿邦逃荒技第二季——小目标玩家的户外装备四季帐,2015-05-29 02:22:13,游戏,日常,69,0,1,0,2,0,4
47520000,Crush Song Animatic |DareGare,2015-05-29 14:00:32,音乐,短片·手书·配音,11448,37,29,983,72,40,460
47580000,Win_Prezi输入第三方中文字体,2015-05-30 10:01:24,游戏,趣味科普人文,216,1,0,1,0,0,1
47700000,「日常的镜头」 Through the lens of life,2015-05-31 17:28:47,游戏,短片,133,0,7,2,4,2,3
47740000,99位创造营小哥哥组团打招呼，这次魔鬼镜头下的他们是你们熟悉的样子吗,2015-06-01 05:13:52,影视,综艺,22943,463,246,187,9,112,75
47760000,霸道总裁扑倒小娇妻！妈呀，齁甜齁甜的！每天吃狗粮吃到撑！,2015-06-01 14:29:38,娱乐,搞笑,276,0,0,1,0,1,4
47780000,极致快乐的移速CD流  孤儿,2015-06-01 20:18:08,娱乐,电子竞技,25912,178,181,294,1210,106,1686
47820000,[荣耀战魂]曾经我是个野武士，后来我遇到了教长,2015-06-02 12:39:47,游戏,电子竞技,511,3,2,0,0,0,2
47940000,长白山马拉松-徒步林海穿越,2015-06-04 10:19:36,游戏,运动,39,0,0,0,2,0,4
48000000,1.第一章 电路分析基础（一）(Av36376856，P1),2015-06-05 07:08:25,娱乐,野生技术协会,859,0,19,12,5,0,19
48100000,这根棒棒可以悬浮在空中，什么原理？,2015-06-06 13:33:04,音乐,搞笑,49,0,0,0,0,0,3
48120000,【F1 2019】车队指南 | Haas,2015-06-06 17:03:59,音乐,汽车,11,0,0,0,0,0,0
48180000,诺手真的强吗？看完这个视频 你们或许会觉的我真的很不容易,2015-06-07 02:13:51,音乐,电子竞技,84583,506,173,158,727,51,1486
48200000,妖姬玩无限火力就需要肉的起来,2015-06-07 11:20:02,游戏,电子竞技,43,0,1,0,0,0,0
48260000,又是正义的二打一！双BOSS七本枪+鬼庭主马雅次逃课打法【之狼 影逝二度】,2015-06-07 22:12:30,舞蹈,单机游戏,1000,3,6,4,0,0,49
48360000,钢笔-新手常见错误+如何规避【Gentleman's Gazette 】,2015-06-09 07:06:16,游戏,日常,116,0,0,1,0,1,1
48440000,清明VLOG 厦门游记（一）,2015-06-10 12:35:06,音乐,日常,115,0,0,1,4,1,4
48520000,cj的生活.（第七集）之.再次出警，,2015-06-11 16:41:36,影视,手机游戏,211,0,7,2,1,0,2
48600000,第一次发布：）  随便发发,2015-06-12 18:36:51,生活,绘画,34,0,2,0,0,0,0
48620000,[Z 7]NIKON Z 7学着拍视频_5_Cyaro,2015-06-12 22:26:16,动画,摄影摄像,940,5,25,16,5,3,16
48640000,待业青年Vlog#4. 虚无的前门游记 虚无地吃碗炒肝,2015-06-13 07:36:05,番剧,日常,86,3,0,0,2,1,1
48740000,强撸我家小鲁班,2015-06-14 11:18:47,游戏,动物圈,55,1,4,1,2,1,2
48760000,我是大法师，我释放炎爆飞弹！,2015-06-14 15:10:34,音乐,桌游棋牌,8168,30,25,2,11,2,26
48800000,海棠花海,2015-06-14 22:53:20,音乐,日常,111,0,0,0,0,1,1
48840000,Wuli 李光洙，你的鼻子没有骨头的么,2015-06-15 15:27:50,游戏,影视剪辑,10,0,0,0,0,0,0
48880000,儿子刚出生就变单亲妈妈，28年来独自抚养，今儿子成著名歌手,2015-06-16 00:53:39,娱乐,明星,297,0,2,1,0,0,3
48940000,英语学习技巧 英语音标发音口型讲解,2015-06-16 22:03:33,科技,日常,86,0,0,2,0,0,0
48960000,河马追逐小船：表演“谁是老板”|“渡渡鸟”,2015-06-17 08:38:32,科技,动物圈,9,0,0,0,0,0,0
48980000,神奇的树叶,2015-06-17 14:44:13,生活,日常,7,0,0,0,0,0,0
49000000,日常玩一玩,2015-06-17 19:23:13,影视,手机游戏,1006,1,23,5,4,0,26
49080000,The Surge《机甲狂潮/迸发》几何级数刷经验法,2015-06-18 20:20:10,生活,单机游戏,503,0,14,3,2,1,2
49100000,乐高还原|热刺1-0曼城,2015-06-19 00:46:12,数码,短片·手书·配音,717,5,19,7,2,3,25
49140000,【SEA凝子】清明vlog|和朋友们去庐山玩啦,2015-06-19 18:15:50,生活,日常,75,0,1,0,0,0,0
49180000,20190413_《大熊猫润九》九九，你家弟弟呢,2015-06-20 01:39:09,娱乐,动物圈,193,0,0,5,0,1,8
49200000,DNF 剑魂短白VS光白,2015-06-20 11:41:17,游戏,网络游戏,326,6,4,2,1,1,2
49220000,古董美国立式钢琴演奏拉格泰姆海上钢琴师风格合辑串烧,2015-06-20 16:10:13,音乐,演奏,168,0,3,1,0,1,1
49240000,怎么成为小米有品推手会员？小米有品推手邀请码，小米有品推手怎么样？,2015-06-20 19:49:29,生活,日常,0,0,0,0,0,0,0
49280000,SilverBoys版Going Crazy 「李炳坤 崔玹硕 金昇勋 金道荣 方艺潭 金俊奎 朴志焄」,2015-06-21 09:07:30,番剧,Korea相关,591,0,1,10,0,0,9
49320000,水彩插画No.2,2015-06-21 17:34:35,娱乐,绘画,114,4,0,1,4,1,3
49340000,【性感&强壮の女孩】属性完美や,2015-06-21 21:01:52,娱乐,运动,110,0,1,5,0,0,6
49360000,瓦莉拉小伙伴的日常最佳第二期,2015-06-22 01:06:40,动画,电子竞技,138,0,14,3,9,1,8
49380000,机车语录,2015-06-22 11:16:42,生活,综艺,78,0,1,1,0,0,0
49580000,完虐奔驰C 奥迪A4L 上海车展抢先体验宝马3系长轴版,2015-06-24 19:49:14,娱乐,汽车,20936,162,100,72,15,77,97
49620000,比牛奶补钙7倍，抓住孩子生长发育期，个头蹭蹭长，老人孩子多吃,2015-06-25 11:52:05,音乐,美食圈,1463,1,6,62,9,4,42
49660000,【菠萝赛东4.17录播】菠萝 ✦ 打铁打铁打铁打铁,2015-06-25 21:43:47,游戏,日常,3425,37,19,27,22,1,46
49680000,阿译总算做对了一回。,2015-06-26 07:50:47,影视,影视剪辑,209,1,0,0,2,0,2
49720000,无限金币破解版带你体验元气新版本,2015-06-26 18:29:41,游戏,手机游戏,110,0,6,0,0,0,3
49760000,土味土味,2015-06-27 03:59:58,动画,搞笑,71,0,0,0,0,0,2
49780000,搬运|基础教程 15 打底膏的使用 [ Gesso ],2015-06-27 12:26:16,游戏,手工,85,0,0,5,1,0,5
49880000,【大学英语四级CET4】梅雪，金威趣谈，告诉你高效掌握听力，词汇！,2015-06-28 14:21:21,鬼畜,演讲• 公开课,180,0,1,2,0,0,5
50100000,【camila cabello】diva风范-卡妹气场全开杂志写真,2015-06-30 01:34:46,娱乐,音乐综合,98,0,0,0,0,0,2
50180000,【小短腿拿铁】一定是特别的缘分，竟然在偶遇亲妹妹！,2015-07-01 00:08:00,音乐,动物圈,8679,13,9,17,10,8,64
50200000,【皮诶尔】#模拟人生4# 一家五口丛林探险 (70分自制小剧场),2015-07-01 10:57:53,游戏,单机游戏,130,0,2,1,2,0,1
50220000,《音乐家》时代强音版预告,2015-07-01 15:35:31,影视,预告 资讯,72,0,0,1,0,0,1
50240000,「阴阳师」史上最非up主，非洲正宗血统，来把你们的非气留下吧,2015-07-01 19:36:48,影视,手机游戏,5265,229,72,33,121,8,144
50280000,Dumb Arguments,2015-07-02 10:40:19,游戏,日常,18,0,1,0,1,0,1
50320000,BlaiR 助眠 捣碎干燥的花,2015-07-02 19:25:37,游戏,其他,49,0,0,1,0,0,1
50400000,你以为你赢了？吔我排水渠过弯啦！,2015-07-03 17:43:07,游戏,手机游戏,39,0,0,0,2,0,1
50440000,第五人格：熊孩子参观里奥园长工厂，损失惨重，再也不让他们来了,2015-07-04 01:22:33,游戏,手机游戏,3506,7,5,35,12,0,140
50520000,月季花叶蜂幼虫，啃食月季嫩枝嫩叶，危害不容小视,2015-07-04 23:14:01,生活,日常,1687,26,27,8,12,3,62
50540000,绝地求生练摩托，车毁人亡泪两行,2015-07-05 08:01:45,动画,网络游戏,15,0,1,1,2,0,6
50580000,石川さゆり 【能登半島】,2015-07-05 16:30:41,游戏,音乐综合,43,0,0,2,1,0,2
50660000,原始野性的烤牛排~,2015-07-06 12:14:53,纪录片,美食圈,0,0,0,0,0,0,0
50700000,周末愉快 我看了五场权志龙演唱会第一排（第三集 荷兰 阿姆斯特丹）,2015-07-06 20:15:09,游戏,音乐现场,1434,81,20,51,32,4,81
50720000,[小时光]顾未易&司徒末的床戏来了！小顾同学别忍耐了冲呀!,2015-07-06 23:59:16,娱乐,预告 资讯,3479,1,4,2,1,3,32
50760000,你是浩瀚宇宙最亮的星呀——许嵩2017live《平行宇宙》_1直在1起,2015-07-07 14:43:11,音乐,音乐现场,235,6,4,3,2,1,12
50780000,JOJO奇妙冒险：东方仗助处刑曲～,2015-07-07 18:23:52,游戏,演奏,18931,20,81,237,326,20,578
51000000,动漫里出现的梗，你全都知道吗？,2015-07-09 23:19:38,游戏,综合,1876,15,26,23,34,3,67
51020000,【GFRIEND】鱼鳞line时刻(YEJU),2015-07-10 09:46:48,生活,Korea相关,1047,2,7,58,3,0,49
51060000,apex当你打到100级时会有哪种操作？,2015-07-10 17:30:43,生活,网络游戏,38,0,2,0,0,1,3
51100000,精装追女仔3·‘香港四大女神’邱淑贞、张敏、周慧敏、翁慧德性感兔女郎造型，王晶、黄霑搞笑出演,2015-07-11 00:04:14,游戏,影视剪辑,23915,16,14,381,20,5,116
51120000,【崩坏学园2】见过攻速流玄冰弓吗,2015-07-11 11:14:53,游戏,手机游戏,5730,8,42,9,22,3,63
51200000,【37楼中奖】5月2日付邮送抽奖过程,2015-07-12 01:15:08,音乐,日常,69,0,0,0,0,0,1
51360000,0氪地图装s玫瑰，宝服红莲迪拉克，迷雾女王743,2015-07-13 18:59:32,音乐,手机游戏,331,0,4,3,10,7,12
51440000,装机猿7399主机到手~,2015-07-14 16:15:16,科技,电脑装机,99075,71,674,126,79,52,312
51460000,三国杀 震惊！大将军竟被零氪玩家打爆？,2015-07-14 19:33:41,音乐,桌游棋牌,61,0,0,0,0,0,2
51480000,远星偷我动荡杀你全营!禅哥的愤怒疯狂复仇! 明日之后 静观思禅,2015-07-14 22:46:42,音乐,手机游戏,8519,116,71,37,37,7,160
51520000,【前男友是食指】金希澈同性恋传闻是自己传出来的（一紧张就乱说）认识的哥哥少女时代 爆料 吐槽 猜歌 搞笑,2015-07-15 13:04:29,科技,Korea相关,35322,58,21,130,25,1,130
51540000,全网最详细！小姐姐教你唱《我是大哥大》主题曲《男人的勋章》歌曲教学！,2015-07-15 16:51:11,音乐,翻唱,339,0,1,4,4,0,8
51580000,iKON没有主题的拼凑/杂志拍摄花絮/LG广告/NIVEA,2015-07-15 23:54:07,活动作品,Korea相关,198,0,5,17,0,0,8
51640000,僵尸世界大战游戏雪地莫斯科丧尸潮,2015-07-16 17:55:44,娱乐,网络游戏,50,0,0,0,0,0,1
51660000,【百度云资源分享】 矛盾对决,2015-07-16 21:33:19,游戏,综艺,604,0,11,10,0,2,20
51700000,如懿的生辰皇上丢下她，却去了海兰那里、她很难过！,2015-07-17 11:55:15,番剧,影视剪辑,2601,0,1,3,0,0,10
51740000,宝贝世博园,2015-07-17 19:20:56,游戏,日常,21,0,0,0,0,2,2
52020000,山东矮达-敢达F91(哈里逊专用机）,2015-07-20 16:42:11,影视,网络游戏,148,0,7,4,2,1,4
52200000,【恐怖怪谈系列之地区篇】日本自杀森林，为什么都选择在这里结束生命?,2015-07-22 12:17:24,游戏,日常,551,3,13,10,19,1,38
52220000,我，他，喵，今天看到条蛇，,2015-07-22 16:00:57,音乐,日常,496,0,2,4,3,0,6
52280000,【GTA5】我发现了GTA5中的神秘生物！(NEW Easter彩蛋）,2015-07-23 01:55:31,动画,单机游戏,217138,1324,384,2177,1205,625,3236
52300000,小猫睡觉还会像人一样打呼噜？！真的吗？！,2015-07-23 11:17:02,游戏,动物圈,4936,31,34,31,33,5,216
52360000,贫困潦倒前的最后一支笔| 一直被打脸的白金procyon小胖开箱 | 永生3001换尖试写,2015-07-23 20:36:56,游戏,日常,1223,16,23,10,17,0,22
52380000,[天下足球]被梅西支配的恐惧！盘点梅西俱乐部20大绝妙进球,2015-07-23 23:42:50,游戏,运动,8835,28,18,178,36,16,132
52400000,【元气骑士】当你的近战武器有了橙色宝石后。。。。。。,2015-07-24 09:44:02,游戏,单机游戏,188,0,3,0,0,0,1
52440000,[MSI季中冠军赛TOP5]小组赛D4：Impact妮蔻天生幻魅怒放疏狂 Theshy凯南疾风前行天雷登场,2015-07-24 16:52:53,游戏,电子竞技,55651,171,191,57,158,46,1954
52500000,新疆独库公路之克孜尔尕哈烽燧01,2015-07-25 07:57:59,动画,运动,37,0,1,0,2,0,1
52540000,【空洞骑士】这谁顶得住啊,2015-07-25 16:37:01,游戏,单机游戏,135,0,18,3,12,0,14
52560000,剑魂6 Sandman (艾米) VS NovaMage (2B)(14.05.2019),2015-07-25 20:13:41,生活,电子竞技,71,0,0,1,0,0,2
52600000,盘点那些陪伴我们童年的黄金搭档,2015-07-26 09:45:00,舞蹈,其他,26,0,0,0,0,1,1
52680000,花魁格挡技能回复时间测试,2015-07-26 23:19:38,音乐,电子竞技,1515,3,21,1,5,0,11
52700000,令人无语的国家，景点、城市全模仿中国，却对中国游客又爱又恨,2015-07-27 09:01:25,游戏,趣味科普人文,24,0,0,0,0,0,0
52740000,挡谅 寝室没有人我唱的超大胆！！！我可能有点字没咬清…像极了一只成了精的土拨鼠,2015-07-27 16:58:49,动画,翻唱,570,1,6,1,20,0,21
52760000,对不起小猫咪打扰你喝奶了，我是坏人,2015-07-27 20:00:45,动画,动物圈,43,0,2,1,2,0,7
52800000,穿越火线：当他变成生化幽灵，一切就结束了,2015-07-28 08:16:12,游戏,电子竞技,4084,34,37,20,50,2,160
52840000,20张牌秒农民和开局王炸究竟那个比较快乐呢,2015-07-28 16:58:50,生活,桌游棋牌,4558,10,8,10,14,0,35
52880000,【GNZ48】20190518  Team NIII《十八个闪耀瞬间》公演 唐莉佳 cut,2015-07-28 22:48:38,游戏,明星,552,0,2,10,2,1,20
53000000,外国人如何带一天的熊孩子,2015-07-30 01:15:14,游戏,日常,476,0,12,6,1,0,8
53020000,【传说中的Little柯】-【荒野乱斗搬运】-4.2019年5月新番，新发布内容详细演示！,2015-07-30 10:43:04,游戏,手机游戏,202,0,11,0,0,1,0
53080000,A PLAGUE TALE-INNOCENCE (PC) - Chapter 6 -破损之物,2015-07-30 20:29:23,生活,单机游戏,9,0,0,0,0,0,1
53120000,粤语。身体语言的重要性,2015-07-31 08:35:04,活动作品,搞笑,33653,140,54,143,23,51,237
53160000,【Lolita开箱】林檎姬——这是一条穿上就可以假装看樱花/烟火的裙子,2015-07-31 15:33:56,游戏,服饰,9503,26,94,157,108,7,246
53180000,有一点小燃的视频,2015-07-31 18:20:34,游戏,电子竞技,13,0,0,0,0,1,0
53200000,【玖凉】你绝对没见过如此中二的节奏光剑！｜520，请给对家一点爱,2015-07-31 21:14:19,影视,音游,136,0,12,0,5,1,9
53220000,谢哥种花，入住百家40天了，带大家了解一下我的鲜花种植基地,2015-08-01 00:44:52,游戏,日常,479,6,13,4,14,0,30
53240000,【SWITCH】五月份即将登陆的新游推荐（第二弹）,2015-08-01 10:23:11,音乐,单机游戏,774,0,2,4,1,0,8
53260000,2019韩版夏季新款 港风简约单排扣 短袖一字肩纯色连体长裤女,2015-08-01 14:04:57,音乐,服饰,65,0,0,0,0,0,0
53280000,萌新簪娘在线出簪_(:зゝ∠)_,2015-08-01 17:19:35,游戏,手工,59,0,1,0,0,1,1
53300000,蓝拳55,2015-08-01 20:21:02,游戏,单机游戏,69,0,0,0,0,0,0
53340000,【gency】官方发糖最为致命,2015-08-02 08:41:12,音乐,影视剪辑,60,0,2,0,4,0,3
53360000,第一次做视频，不喜勿喷,2015-08-02 13:02:47,动画,综合,24,0,0,0,0,0,3
53420000,4-68,2015-08-02 22:07:45,动画,日常,5,0,0,0,0,0,0
53440000,【炉石传说】狗贼偶遇高仿老师，嘲讽：你是准备上山岭吗？,2015-08-03 02:19:41,生活,电子竞技,84534,924,93,136,77,13,746
53480000,【回来】by黄绮珊 卑微小刘在线招魂,2015-08-03 14:53:59,动画,翻唱,202,0,17,0,6,0,7
53540000,少女战士金东炫 第二弹,2015-08-03 23:37:36,音乐,综艺,859,0,7,7,8,5,21
53560000,明日方舟钱本最后一关 萌新分享,2015-08-04 09:04:05,游戏,手机游戏,23,0,2,0,2,1,1
53600000,伍零一炉石竞技场【ROS高胜506】随从牧,2015-08-04 16:19:23,游戏,桌游棋牌,171,2,2,0,2,0,3
53640000,神奇的共振实验!,2015-08-04 22:13:22,游戏,手工,14,0,0,1,0,0,0
53680000,[CS:GO]简单男孩就做简单的事情！SHROUD盖上20000美元的厕所！CS:GO Twitch集锦,2015-08-05 11:10:05,动画,网络游戏,1906,0,3,4,3,0,10
53700000,王者荣耀：当英雄开启反相后 神迹守卫屎黄屎黄的 鹿灵变的金灿灿,2015-08-05 14:33:54,游戏,电子竞技,3339,13,17,9,2,0,106
53820000,【广播生肉】三森铃子与anisong paradise 第152回（2019.05.21）（嘉宾：古川未铃・成濑瑛美）,2015-08-06 16:33:03,动画,官方延伸,196,0,0,13,1,1,35
53840000,【官人】补番推荐：伊藤诚成名之作，诚哥与他的爱恨情仇（一）,2015-08-06 19:14:45,鬼畜,综合,1301,0,9,11,19,0,39
53860000,队伍集训,2015-08-06 21:54:15,科技,电子竞技,21,0,1,0,0,0,0
53940000,毕业季,2015-08-07 15:51:14,番剧,运动,21,0,1,2,2,2,2
53960000,搬运吃冰2.....结束日期6月12日,2015-08-07 18:33:12,游戏,日常,531,0,0,33,1,0,21
54000000,大A球星卡之老外拆卡  真金看的就是爽！！！,2015-08-08 01:14:39,音乐,桌游棋牌,804,1,17,5,1,0,10
54020000,外汇如何改变亏损现状？外汇大小周期结合如何判定进场点,2015-08-08 11:01:43,生活,日常,20,0,0,1,0,0,1
54040000,【魂五】《阴阳师》小萌新的成长之路,2015-08-08 14:46:13,游戏,手机游戏,16,0,1,1,2,0,1
54080000,我独自生活亚洲王妃！,2015-08-08 21:03:58,游戏,综艺,217,0,0,0,0,0,0
54100000,【令哥炉石】青玉萨vs城墙术，没错，我就是带牌来打竞技场的,2015-08-09 00:29:00,游戏,电子竞技,712,0,22,1,4,0,17
54140000,剑魂真强~~~,2015-08-09 13:59:18,音乐,网络游戏,98,0,2,1,0,0,2
54160000,罗德岛干员在线反恐,2015-08-09 17:16:20,游戏,网络游戏,49,0,4,3,10,0,6
54200000,还有一群快乐的小伙伴,2015-08-09 23:09:34,科技,日常,21,0,1,0,0,1,2
54260000,《八佰》在电影里感受历史,2015-08-10 15:46:26,影视,影视杂谈,349,0,1,1,0,1,5
54280000,声入人心音乐会2019巡演，上海小分队在线集结喊话，首轮巡演收官场即将上演，感谢梅溪湖男孩女孩们的一路陪伴，明晚上海， 不见不散（我先酸为敬）,2015-08-10 18:29:02,游戏,明星,1062,0,8,13,0,0,14
54300000,极限挑战-港囧笑点7（黄磊主动帮小猪背冰块，人与人之间需要信任！！）,2015-08-10 21:12:10,影视,影视剪辑,9835,1,2,4,1,0,26
54340000,小二距离大哥的美貌还是有很长的路要走,2015-08-11 10:40:50,游戏,日常,24,0,0,0,0,0,0
54380000,QQ飞车手游新B车250码拖飘,2015-08-11 17:10:38,娱乐,手机游戏,13,0,0,0,0,0,1
54440000,【高考应援|视频混剪】是回忆还是挑战？,2015-08-12 07:35:37,娱乐,影视剪辑,67,0,0,2,4,1,2
54480000,【gfs slime】红果果绿泡泡生蠢baby,2015-08-12 15:25:04,音乐,手工,1530,1,56,18,12,0,51
54500000,请皮蛋喝江小白，给面儿不？虎牙-889退_20190603,2015-08-12 18:22:19,游戏,日常,12923,2,7,4,2,0,11
54540000,[汽车外号]五大汽车外号，你听过吗？？,2015-08-13 00:20:46,娱乐,汽车,16,0,0,0,0,0,0
54680000,Tati  HUDA BEAUTY测评,2015-08-14 13:07:00,音乐,美妆,171,0,0,0,0,0,3
54740000,来自周末の放肆，昨晚吃太多，说是带我减肥来着，也不管什么方法了，开心最重要✌,2015-08-14 21:44:28,动画,日常,3,0,0,0,0,0,0
54780000,虽迟但到的真·深夜假酒直播CUT【GNZ48】20190527 Team NIII 刘倩倩口袋直播 with谢艾琳,2015-08-15 10:50:24,动画,明星,2127,50,15,89,23,3,90
54800000,2018揚州818魔方文化節天眼小記錄,2015-08-15 14:17:51,游戏,野生技术协会,537,0,11,5,2,6,16
54860000,无敌玩家赛高 因为一个变身音效入了腰带坑 假面骑士 ex-aid dx腰带 无敌套,2015-08-15 23:07:29,动画,野生技术协会,3865,3,28,14,9,1,56
54880000,大家端午安康，这可能是a站最小最好吃的粽子了,2015-08-16 06:45:52,游戏,手工,11,0,1,0,0,1,1
54900000,假面骑士zio腰带测评（1）第一次做视频还是好紧张，大家多多关照,2015-08-16 12:29:04,动画,特摄,602,1,16,2,5,0,18
55080000,【TWICE】Fancy 首尔建大公演,2015-08-17 20:48:05,游戏,三次元舞蹈,301,1,0,1,6,0,9
55120000,【A teen2】金哈娜X柳周河 ep16 cut 交往接吻‖这集炸了T^T,2015-08-18 08:04:23,游戏,影视剪辑,23182,28,25,241,16,35,160
55140000,【ZK韩语社】Get it - Pristin V,2015-08-18 12:14:32,音乐,三次元舞蹈,36,0,0,0,2,1,1
55200000,皇室战争——令人崩溃的瞬间,2015-08-18 20:12:58,影视,手机游戏,58,1,1,0,0,0,0
55240000,【英雄豪杰】EP34 部队汇演篇 IU、朴智妍、刘仁娜 合作舞台《Bad Girl， Good Girl》,2015-08-19 05:17:58,音乐,综艺,189,0,1,1,1,0,2
55260000,玄学操作，真能增加金色卡包出橙的概率！,2015-08-19 11:37:50,游戏,桌游棋牌,49,0,1,1,0,0,3
55340000,我是为了交课程设计拍的自我介绍,2015-08-19 22:02:29,动画,日常,7,0,0,0,0,0,0
55500000,[IN吧中字] 金明洙 仅此一次的爱情 花絮9_中字,2015-08-21 02:07:01,鬼畜,Korea相关,10119,19,13,167,12,9,160
55580000,【小尖包】变奏版❀初见❀东宫♡在城墙上跳水袖♫入冬了，没有萤火虫了,2015-08-21 18:56:56,游戏,三次元舞蹈,13705,47,51,516,323,29,607
55620000,一度怀疑自己是小聋瞎的约瑟夫最终确定了自己眼耳健康,2015-08-22 00:17:19,音乐,手机游戏,10,0,0,0,0,0,0
55660000,【男生清唱】Shallow（原调）,2015-08-22 13:22:47,游戏,翻唱,284,0,8,5,10,2,10
55700000,变形金刚 天元之力 暗黑爵士舞者,2015-08-22 19:21:04,音乐,手工,32,0,0,0,2,0,0
55720000,【 人 间 悲 剧 】,2015-08-22 22:04:05,娱乐,网络游戏,131,0,2,0,0,0,2
55740000,20190615常州 孟广鹿灭霸不成被反杀,2015-08-23 01:25:12,游戏,综艺,782,20,2,36,3,1,21
55760000,真的可以瞬间蒸发！（爆击型脉冲作战视频）,2015-08-23 10:44:09,动画,网络游戏,165,0,0,0,2,0,1
55860000,你，今天给皮肤补水了吗,2015-08-24 01:45:34,游戏,日常,6,0,0,0,0,0,0
55880000,Tobi Lou-Waterboy(高清),2015-08-24 10:41:13,番剧,MV,15,0,1,0,0,0,0
55920000,荒野大镖客2 亚瑟和玛丽,2015-08-24 16:36:49,娱乐,单机游戏,20,0,0,2,0,0,1
55940000,招魂05,2015-08-24 19:14:50,游戏,影视剪辑,13,0,0,1,0,0,0
56000000,塔吊基础钢筋隐蔽,2015-08-25 10:33:43,游戏,日常,0,0,0,0,0,0,0
56040000,炸舞阵线浙江赛区精彩2,2015-08-25 16:36:43,游戏,日常,14,0,0,0,0,0,0
56060000,游天下第一仙山，太子曾在此地升仙，体会非物质文化遗产的魅力。,2015-08-25 19:22:15,音乐,日常,94,7,2,2,6,3,11
56140000,20190619 FNN Live News α sport news【FIFA】【生肉】,2015-08-26 10:14:03,音乐,运动,99,0,0,1,0,0,2
56180000,豚鼠的堡垒课堂：单排遇到主播大佬不要怕，学会这个稳得第一,2015-08-26 16:02:16,游戏,手机游戏,22,0,0,0,0,0,0
56200000,【谜题：生存】  zz球：我就是智慧的化身,2015-08-26 18:30:20,动画,手机游戏,30,0,3,0,0,0,0
56240000,苏朵手工羊毛毡戳戳乐DIY瑜伽猫打坐猫制作,2015-08-26 23:49:24,影视,手工,87,0,7,4,0,0,7
56300000,刘坚强儿童学《从零开始学英语》第4级 自然拼读 1-4 用母语法学习的条件,2015-08-27 15:12:03,游戏,演讲• 公开课,103,0,0,0,0,0,0
56320000,歌迷们超棒的应援现场 —— |华晨宇和他的ET天团震撼的打call现场|,2015-08-27 17:49:31,动画,音乐现场,2006,28,25,94,32,2,101
56340000,【崩坏3】月神凯量子奇点一波流斩下892分！黎明之子你怎么回事？,2015-08-27 20:21:27,生活,手机游戏,765,0,9,5,3,5,6
56360000,【はるおくん】 小夜子,2015-08-27 22:55:51,游戏,翻唱,192,0,1,13,1,0,34
56400000,15级建环二班，我们毕业了,2015-08-28 11:38:07,音乐,日常,73,0,4,1,6,2,9
56420000,Undertale PE版 PE线流程 (2),2015-08-28 14:48:37,游戏,单机游戏,31,0,2,0,0,0,3
56500000,呆萌的巧克力娃娃和艳丽的孔雀鱼,2015-08-29 01:33:41,生活,动物圈,793,0,11,2,2,0,10
56540000,恐怖解密：羽翼的祈愿第一期,2015-08-29 13:45:59,生活,单机游戏,25,12,1,1,8,0,5
56560000,混凝土剔凿钢筋间距,2015-08-29 16:34:11,活动作品,日常,5,0,0,0,0,0,0
56600000,法兰西劳模--近卫波兰枪骑兵,2015-08-29 21:40:38,游戏,电子竞技,138,3,4,1,6,1,11
56620000,投入与体体育,2015-08-30 00:43:53,生活,手机游戏,3,0,0,0,0,0,3
56640000,【FGO】开120帧玩是什么体验,2015-08-30 10:05:57,游戏,手机游戏,33,0,0,0,0,0,0
56680000,哔哩哔哩干杯～,2015-08-30 15:57:57,生活,日常,42,0,0,1,2,0,7
56720000,整个寝室都是我古娜拉黑暗之神的天下呐!,2015-08-30 20:51:35,游戏,搞笑,290,0,5,6,1,4,8
56740000,刺激战场：落地雨林“最穷”物资点，决赛圈1V4大战伏地魔，吃鸡,2015-08-30 23:31:38,娱乐,手机游戏,2,0,0,0,0,0,0
56800000,干杯十周年。,2015-08-31 15:37:16,游戏,其他,10,0,1,0,0,0,2
56860000,【闲聊中】b站十周年快乐:D,2015-09-01 00:20:27,影视,短片·手书·配音,3119,3,29,118,84,2,421
56880000,rm  vj权烈下饭警告！,2015-09-01 10:45:18,动画,Korea相关,36459,16,5,22,4,1,35
56900000,[安利向] QN 2nd 前野智昭模仿蘭丸和嶺二,2015-09-01 15:04:54,动画,音乐现场,9286,37,48,450,90,52,174
56960000,[LFC TV] 18/19赛季 利物浦十大瞬间,2015-09-02 04:01:28,游戏,运动,1111,19,10,46,24,5,50
56980000,鉄道のまち吹田　JR貨物見学記,2015-09-02 12:38:35,影视,趣味科普人文,70,0,0,7,3,0,4
57040000,【日常踩点混剪】玉子的爱情故事,2015-09-02 22:55:08,游戏,MAD·AMV,157,2,6,4,5,2,8
57060000,【持更】罗宝剑最新力作！狗血电视剧姜食堂,2015-09-03 04:48:16,科技,Korea相关,17231,7,21,85,17,1,81
57200000,0628六队哈尔滨渣画质自录自留,2015-09-04 12:05:32,影视,短片,36,0,0,0,0,0,0
57240000,【咕咕鸡】原来小时候的猫头鹰是这样叫的吗（斯哈斯哈）,2015-09-04 17:33:33,音乐,动物圈,282,0,2,4,2,0,5
57300000,EXO最棒爱丽最棒,2015-09-05 02:13:54,动画,Korea相关,75,0,2,3,0,0,5
57340000,用吉他弹奏”小星星“演绎音乐进化史,2015-09-05 13:53:19,舞蹈,演奏,45,0,0,3,0,0,1
57360000,俄罗斯泥潭足球别有风味~,2015-09-05 16:28:48,游戏,运动,109,0,1,1,1,0,2
57380000,从丹东到朝鲜带你去看看鸭绿江,2015-09-05 19:10:09,游戏,日常,682,0,5,3,4,1,9
57420000,629 晚场 三庆园 李九春 韩鹤晓,2015-09-06 02:45:08,游戏,搞笑,1546,15,4,49,5,2,18
57460000,【绝望自律】明日方舟一顿操作后的真实自律情况,2015-09-06 16:29:56,动画,手机游戏,7,0,0,0,0,0,0
57520000,芭提亚kk电音节旅行混剪,2015-09-07 10:04:54,游戏,日常,14,0,0,0,0,0,1
57540000,你相信这是小学五年级的人画的吗,2015-09-07 15:15:58,游戏,日常,36,1,2,0,0,0,2
57580000,云顶之弈换型师斗士龙玩法,2015-09-07 23:58:20,游戏,网络游戏,136,0,0,0,0,0,1
57600000,王宝强亲哥还在村口卖烧饼， 宝强身价上亿不帮衬，亲哥回怼,2015-09-08 11:03:38,游戏,明星,58,0,0,0,0,0,0
57620000,从梦想走到现实,2015-09-08 16:24:30,游戏,日常,5,0,0,0,0,0,1
57640000,[永远的7日之都]ss4亚洲砍王与春色满城灾害,2015-09-08 20:27:45,游戏,手机游戏,102,0,1,2,6,0,7
57700000,闺蜜送的盲袋～,2015-09-09 17:16:38,生活,手工,31,0,2,0,2,0,2
57720000,雅典娜教你无冷却连招,2015-09-09 21:27:56,影视,手机游戏,65,0,3,0,0,0,1
57800000,扉页绘制 P站漫画家漫画扉页制作过程,2015-09-10 21:31:32,影视,绘画,916,3,8,44,8,0,56
57860000,五月天 孙悟空  feat.张国玺  Guitar Cover,2015-09-11 17:32:27,生活,演奏,111,0,4,3,8,2,6
57880000,长隆野生动物世界,2015-09-11 20:55:54,游戏,动物圈,72,0,0,0,0,0,2
57940000,木瓜的第一支vlog|满满的敷衍,2015-09-12 13:26:07,游戏,日常,9,0,0,0,0,0,3
57980000,极短系列/vlog 往广州 翠华 KOI黄金珍奶 广州东宜家家居 快搬了 大部分五折,2015-09-12 19:34:48,娱乐,日常,25,1,0,0,0,0,0
58000000,恭喜你这个B…………站用户发现了阿伟的真面目,2015-09-12 22:30:17,生活,其他,358,0,17,2,1,0,10
58020000,【GTA5OL】刚玩线上的新手如何在冰冷无情的洛圣都获取第一桶金--第二期<此期较水>,2015-09-13 03:06:46,生活,网络游戏,128,0,0,0,2,0,2
58180000,【姜食堂3】姜食堂换季啦！圭贤惊喜回归！,2015-09-14 21:06:28,游戏,Korea相关,52,0,0,0,0,0,0
58300000,之前的老版模拟器，中间掉帧严重！,2015-09-16 16:06:09,音乐,电子竞技,37,0,2,1,0,0,1
58340000,她是成龙看中的儿媳妇，房祖名追求多年遭拒，却对胡歌念念不忘,2015-09-17 01:04:45,娱乐,明星,42,0,0,0,0,0,1
58400000,无良商家他lei了,2015-09-17 22:05:46,影视,日常,23,0,2,1,0,0,2
58440000,5年级英语8(1)Personal information第一段,2015-09-18 14:17:46,生活,日常,19,0,0,0,0,0,0
58460000,第一次看他的演唱会,2015-09-18 18:42:23,游戏,其他,16,0,0,0,0,0,0
58500000,[第一套汉服开箱]☞太平有象☜,2015-09-19 01:54:35,音乐,其他,35,0,0,1,1,0,2
58540000,手链钥匙小盲盒,2015-09-19 14:58:36,音乐,日常,6473,28,24,28,30,9,196
58560000,【炉石传说】卡德加：你说的这个二王，他厉害吗？,2015-09-19 17:48:20,影视,桌游棋牌,20,0,0,1,0,0,1
58740000,MC BE不用TNT的红石挖矿机,2015-09-21 10:05:28,游戏,手机游戏,299,1,9,11,8,0,21
58760000,delta滑台并联机械手正运动学,2015-09-21 15:31:18,番剧,野生技术协会,38,0,0,2,3,0,5
58780000,《一统三国》概念片,2015-09-21 19:52:58,音乐,短片,21,0,0,0,0,0,1
58840000,跳纱雾之舞的奥尔加,2015-09-22 15:57:18,动画,综合,5439,50,60,66,41,9,193
58900000,用上xsmax，大概率丢掉女朋友！,2015-09-23 11:46:20,音乐,手机平板,286,1,1,1,2,0,3
58920000,哈利波特立体书开箱视频马上要来啦！！先剪辑了立体贺卡的一小部分彩蛋！,2015-09-23 16:51:50,娱乐,其他,33,0,0,0,0,0,0
58940000,【哥哥张国荣】张国荣99年出席韩国KBS节目(高清字幕版),2015-09-23 21:04:34,音乐,综艺,37,0,0,3,0,0,2
58960000,【NaClSalt】人类帝国的忠诚战士，为了捍卫帝皇的荣耀而战《战锤40k：神圣军团》 #1,2015-09-24 01:31:21,游戏,单机游戏,4286,1,13,60,16,1,52
59020000,删除smss.exe会怎样？,2015-09-24 21:52:42,音乐,野生技术协会,91,1,1,3,2,0,5
59080000,H艾萨拉女王,2015-09-25 18:27:05,游戏,网络游戏,380,0,0,3,0,1,1
59120000,状元故里 七彩西湖,2015-09-26 02:03:22,游戏,MV,3,0,0,0,0,0,0
59160000,【李云龙】团长降临到我身边！01（小天使日向开门名场面）,2015-09-26 14:33:50,科技,短片·手书·配音,1321,17,13,10,12,2,28
59180000,2019年经济法基础视频学习 经济法基础知识点归纳整理 练习经济法基础题库及答案,2015-09-26 17:44:47,生活,演讲• 公开课,33,0,0,1,0,0,0
59300000,小卖部泥♡大测评（一）,2015-09-27 16:37:40,游戏,日常,37,0,0,1,2,0,3
59340000,速算神器——变换式,2015-09-27 21:54:23,舞蹈,演讲• 公开课,19,0,0,1,0,0,0
59380000,【太阳】  夜弦之音试玩   小音啊，你在哪QAQ,2015-09-28 12:06:05,动画,单机游戏,52,0,6,0,0,1,5
59500000,语速超快的bug,2015-09-29 18:36:04,鬼畜,音游,160,0,1,0,0,0,1
59560000,[SacriFish/第五人格]预判到了我的闪现？厉害啊，不过该给的震慑还是要给的哟,2015-09-30 12:44:13,鬼畜,手机游戏,23,0,8,2,7,1,6
59620000,【绘画过程】画个小男孩,2015-09-30 22:41:09,动画,绘画,19,0,0,0,0,0,0
59680000,新赛季最佳防守球员会是谁？莱昂纳德、乔治都没戏，字母哥能当选,2015-10-01 13:52:50,音乐,运动,2749,13,44,5,15,0,46
59760000,【崩坏学园2夏想百歌】回忆风泣泪-未来轮廓,2015-10-02 00:23:28,娱乐,翻唱,26,0,1,1,4,0,3
59780000,《明日方舟》CE5 龙门币本 无6星全员低配通关教学 终于可以不用抢劫CE4了,2015-10-02 09:21:33,游戏,手机游戏,46,0,1,1,0,1,3
59800000,乐高MOC作品 高达SD 00 Raiser GN-0000 机动战士高达00 拼搭指南1,2015-10-02 12:48:34,游戏,野生技术协会,74,0,2,1,0,0,1
59820000,《崩坏3》尝试用4000+水晶抽摩托鸭，结果温暖人心,2015-10-02 15:43:25,影视,手机游戏,101,0,2,0,1,0,1
59920000,长沙旅游点外卖.三个湘菜不到60！,2015-10-03 11:55:05,舞蹈,美食圈,50,0,2,0,0,0,2
59940000,[猫和老鼠]一次性踩7个老鼠夹会发生什么,2015-10-03 14:44:45,娱乐,手机游戏,73,3,2,0,0,0,6
